symbol,open,high,low,close,volume,numberOfTrades,vwap
ACHC,"{'t': '2023-09-19T04:00:00Z', 'o': 69.88, 'h': 70.51, 'l': 69.28, 'c': 69.81, 'v': 215381, 'n': 5431, 'vw': 69.849792}"
AAL,"{'t': '2023-09-19T04:00:00Z', 'o': 13.08, 'h': 13.3499, 'l': 13.0528, 'c': 13.19, 'v': 25325013, 'n': 65749, 'vw': 13.209081}"
AA,"{'t': '2023-09-19T04:00:00Z', 'o': 28.83, 'h': 28.9892, 'l': 27.835, 'c': 28.34, 'v': 5153224, 'n': 42071, 'vw': 28.252244}"
ACAD,"{'t': '2023-09-19T04:00:00Z', 'o': 24.62, 'h': 24.67, 'l': 24.05, 'c': 24.44, 'v': 1847258, 'n': 19371, 'vw': 24.323841}"
AAN,"{'t': '2023-09-19T04:00:00Z', 'o': 9.64, 'h': 9.795, 'l': 9.605, 'c': 9.77, 'v': 430781, 'n': 6081, 'vw': 9.733117}"
AAP,"{'t': '2023-09-19T04:00:00Z', 'o': 58.01, 'h': 60.04, 'l': 57.97, 'c': 59.66, 'v': 1900438, 'n': 28252, 'vw': 59.473416}"
AEE,"{'t': '2023-09-19T04:00:00Z', 'o': 80.76, 'h': 81.08, 'l': 80.21, 'c': 80.22, 'v': 1219836, 'n': 17384, 'vw': 80.425466}"
ACM,"{'t': '2023-09-19T04:00:00Z', 'o': 84.75, 'h': 85.35, 'l': 83.44, 'c': 83.61, 'v': 1084393, 'n': 16638, 'vw': 83.975586}"
ADT,"{'t': '2023-09-19T04:00:00Z', 'o': 6.08, 'h': 6.09, 'l': 5.925, 'c': 5.98, 'v': 1771795, 'n': 13217, 'vw': 5.98973}"
AEM,"{'t': '2023-09-19T04:00:00Z', 'o': 49.91, 'h': 49.99, 'l': 48.93, 'c': 49.3, 'v': 2802768, 'n': 31404, 'vw': 49.261437}"
ADM,"{'t': '2023-09-19T04:00:00Z', 'o': 79.32, 'h': 79.49, 'l': 78.88, 'c': 79.1, 'v': 3324461, 'n': 31360, 'vw': 79.17012}"
AEO,"{'t': '2023-09-19T04:00:00Z', 'o': 14.5, 'h': 14.64, 'l': 14.39, 'c': 14.48, 'v': 5544868, 'n': 33080, 'vw': 14.505874}"
AEP,"{'t': '2023-09-19T04:00:00Z', 'o': 80.27, 'h': 80.63, 'l': 79.86, 'c': 80.06, 'v': 2238476, 'n': 35318, 'vw': 80.213097}"
AER,"{'t': '2023-09-19T04:00:00Z', 'o': 63.64, 'h': 63.81, 'l': 62.9, 'c': 63.56, 'v': 2082634, 'n': 21829, 'vw': 63.401744}"
AGIO,"{'t': '2023-09-19T04:00:00Z', 'o': 25.45, 'h': 25.515, 'l': 24.785, 'c': 25.07, 'v': 217341, 'n': 4035, 'vw': 25.049358}"
AGO,"{'t': '2023-09-19T04:00:00Z', 'o': 60.24, 'h': 61.16, 'l': 60.24, 'c': 60.83, 'v': 266859, 'n': 6304, 'vw': 60.848948}"
AFL,"{'t': '2023-09-19T04:00:00Z', 'o': 77.1, 'h': 77.53, 'l': 76.42, 'c': 77.37, 'v': 2100332, 'n': 29511, 'vw': 77.238824}"
AGR,"{'t': '2023-09-19T04:00:00Z', 'o': 34.68, 'h': 34.74, 'l': 34.09, 'c': 34.15, 'v': 778922, 'n': 11552, 'vw': 34.328239}"
AIG,"{'t': '2023-09-19T04:00:00Z', 'o': 62.03, 'h': 62.58, 'l': 61.8601, 'c': 62.36, 'v': 3029191, 'n': 35464, 'vw': 62.278426}"
AIV,"{'t': '2023-09-19T04:00:00Z', 'o': 7.22, 'h': 7.295, 'l': 7.08, 'c': 7.12, 'v': 1257051, 'n': 8115, 'vw': 7.141146}"
ALLY,"{'t': '2023-09-19T04:00:00Z', 'o': 28.7, 'h': 28.82, 'l': 28.272, 'c': 28.39, 'v': 3103623, 'n': 28548, 'vw': 28.456226}"
AL,"{'t': '2023-09-19T04:00:00Z', 'o': 40.3, 'h': 40.645, 'l': 40.07, 'c': 40.08, 'v': 539243, 'n': 6720, 'vw': 40.216516}"
ALKS,"{'t': '2023-09-19T04:00:00Z', 'o': 29.86, 'h': 30.02, 'l': 29.69, 'c': 29.91, 'v': 1382127, 'n': 16362, 'vw': 29.909689}"
ALK,"{'t': '2023-09-19T04:00:00Z', 'o': 38.9, 'h': 39.24, 'l': 38.56, 'c': 39.08, 'v': 1706842, 'n': 21333, 'vw': 38.992332}"
AMTD,"{'t': '2023-09-19T04:00:00Z', 'o': 1.2, 'h': 1.2101, 'l': 1.2, 'c': 1.2, 'v': 39042, 'n': 190, 'vw': 1.202252}"
AMX,"{'t': '2023-09-19T04:00:00Z', 'o': 18.15, 'h': 18.48, 'l': 18.07, 'c': 18.39, 'v': 1817584, 'n': 17068, 'vw': 18.327453}"
ALSN,"{'t': '2023-09-19T04:00:00Z', 'o': 60.17, 'h': 61.27, 'l': 60.14, 'c': 60.24, 'v': 640291, 'n': 12624, 'vw': 60.496126}"
AMBA,"{'t': '2023-09-19T04:00:00Z', 'o': 57.57, 'h': 57.75, 'l': 55.87, 'c': 56.45, 'v': 522660, 'n': 12428, 'vw': 56.445573}"
AMCX,"{'t': '2023-09-19T04:00:00Z', 'o': 11.69, 'h': 11.85, 'l': 11.51, 'c': 11.54, 'v': 313870, 'n': 7729, 'vw': 11.617932}"
APO,"{'t': '2023-09-19T04:00:00Z', 'o': 92.42, 'h': 92.7, 'l': 90.67, 'c': 91.66, 'v': 2069208, 'n': 27322, 'vw': 91.531483}"
APA,"{'t': '2023-09-19T04:00:00Z', 'o': 43.26, 'h': 43.33, 'l': 41.76, 'c': 42.17, 'v': 2466440, 'n': 31513, 'vw': 42.273711}"
APH,"{'t': '2023-09-19T04:00:00Z', 'o': 86.06, 'h': 86.38, 'l': 85.39, 'c': 86.29, 'v': 1993747, 'n': 26145, 'vw': 86.116202}"
APLE,"{'t': '2023-09-19T04:00:00Z', 'o': 16.12, 'h': 16.15, 'l': 15.915, 'c': 15.98, 'v': 2118534, 'n': 17993, 'vw': 15.984164}"
ANF,"{'t': '2023-09-19T04:00:00Z', 'o': 50.95, 'h': 51.28, 'l': 50.14, 'c': 50.58, 'v': 1503725, 'n': 19809, 'vw': 50.567974}"
AOS,"{'t': '2023-09-19T04:00:00Z', 'o': 66.88, 'h': 67.145, 'l': 66.2, 'c': 67.01, 'v': 684572, 'n': 14045, 'vw': 66.859973}"
ASB,"{'t': '2023-09-19T04:00:00Z', 'o': 17.44, 'h': 17.58, 'l': 17.24, 'c': 17.48, 'v': 1490988, 'n': 13459, 'vw': 17.437977}"
ATI,"{'t': '2023-09-19T04:00:00Z', 'o': 44.04, 'h': 44.42, 'l': 43.26, 'c': 43.54, 'v': 984789, 'n': 12984, 'vw': 43.644399}"
AU,"{'t': '2023-09-19T04:00:00Z', 'o': 18, 'h': 18.05, 'l': 17.6325, 'c': 17.87, 'v': 2182852, 'n': 22251, 'vw': 17.861866}"
ATHM,"{'t': '2023-09-19T04:00:00Z', 'o': 29.83, 'h': 30.1826, 'l': 29.38, 'c': 29.67, 'v': 222117, 'n': 3119, 'vw': 29.70666}"
ATVI,"{'t': '2023-09-19T04:00:00Z', 'o': 91.92, 'h': 92.21, 'l': 91.9, 'c': 92.07, 'v': 4592315, 'n': 42393, 'vw': 92.064199}"
ARMK,"{'t': '2023-09-19T04:00:00Z', 'o': 37.3, 'h': 37.5299, 'l': 36.91, 'c': 37.42, 'v': 2272966, 'n': 31580, 'vw': 37.352597}"
AR,"{'t': '2023-09-19T04:00:00Z', 'o': 26.52, 'h': 26.595, 'l': 25.92, 'c': 25.92, 'v': 3482594, 'n': 28679, 'vw': 26.114696}"
AVXL,"{'t': '2023-09-19T04:00:00Z', 'o': 7.12, 'h': 7.13, 'l': 6.81, 'c': 7.12, 'v': 1119280, 'n': 9571, 'vw': 7.024871}"
AXL,"{'t': '2023-09-19T04:00:00Z', 'o': 7.42, 'h': 7.49, 'l': 7.19, 'c': 7.22, 'v': 1144736, 'n': 11268, 'vw': 7.259859}"
AZN,"{'t': '2023-09-19T04:00:00Z', 'o': 66.18, 'h': 66.68, 'l': 65.82, 'c': 66.67, 'v': 4025852, 'n': 47469, 'vw': 66.30767}"
AVT,"{'t': '2023-09-19T04:00:00Z', 'o': 47.79, 'h': 48.27, 'l': 47.77, 'c': 48, 'v': 342128, 'n': 9148, 'vw': 48.030511}"
AWH,"{'t': '2023-09-19T04:00:00Z', 'o': 5.55, 'h': 5.93, 'l': 5.23, 'c': 5.23, 'v': 54920, 'n': 572, 'vw': 5.500199}"
AXTA,"{'t': '2023-09-19T04:00:00Z', 'o': 27.25, 'h': 27.515, 'l': 27.14, 'c': 27.34, 'v': 1543782, 'n': 16416, 'vw': 27.322689}"
BAM,"{'t': '2023-09-19T04:00:00Z', 'o': 35.95, 'h': 36.22, 'l': 35.29, 'c': 35.59, 'v': 1646613, 'n': 16769, 'vw': 35.677507}"
BAX,"{'t': '2023-09-19T04:00:00Z', 'o': 38.61, 'h': 38.98, 'l': 38.455, 'c': 38.96, 'v': 3682012, 'n': 23819, 'vw': 38.739086}"
BBY,"{'t': '2023-09-19T04:00:00Z', 'o': 70.49, 'h': 71.72, 'l': 70.16, 'c': 71.44, 'v': 2137259, 'n': 35647, 'vw': 71.227102}"
BCRX,"{'t': '2023-09-19T04:00:00Z', 'o': 7.5, 'h': 7.8199, 'l': 7.45, 'c': 7.65, 'v': 2694968, 'n': 23280, 'vw': 7.649862}"
BC,"{'t': '2023-09-19T04:00:00Z', 'o': 76, 'h': 78.06, 'l': 75.89, 'c': 77.3, 'v': 920913, 'n': 16455, 'vw': 77.235224}"
BABA,"{'t': '2023-09-19T04:00:00Z', 'o': 86.12, 'h': 87.88, 'l': 86.08, 'c': 87.11, 'v': 9247017, 'n': 99289, 'vw': 86.987273}"
BCE,"{'t': '2023-09-19T04:00:00Z', 'o': 40.85, 'h': 41.03, 'l': 40.545, 'c': 40.57, 'v': 1344355, 'n': 9388, 'vw': 40.703837}"
BAC,"{'t': '2023-09-19T04:00:00Z', 'o': 28.76, 'h': 28.94, 'l': 28.51, 'c': 28.65, 'v': 34888054, 'n': 94147, 'vw': 28.648431}"
BERY,"{'t': '2023-09-19T04:00:00Z', 'o': 63.27, 'h': 63.31, 'l': 62.21, 'c': 63.25, 'v': 845439, 'n': 15077, 'vw': 62.987809}"
BHP,"{'t': '2023-09-19T04:00:00Z', 'o': 58.21, 'h': 58.545, 'l': 57.61, 'c': 57.84, 'v': 1929150, 'n': 25403, 'vw': 57.884623}"
BIG,"{'t': '2023-09-19T04:00:00Z', 'o': 5.22, 'h': 5.2878, 'l': 5.03, 'c': 5.17, 'v': 1417815, 'n': 12278, 'vw': 5.142598}"
BEN,"{'t': '2023-09-19T04:00:00Z', 'o': 26.19, 'h': 26.41, 'l': 26.055, 'c': 26.23, 'v': 2189582, 'n': 21120, 'vw': 26.226926}"
BKD,"{'t': '2023-09-19T04:00:00Z', 'o': 4.16, 'h': 4.22, 'l': 4.09, 'c': 4.14, 'v': 535765, 'n': 3848, 'vw': 4.140093}"
BK,"{'t': '2023-09-19T04:00:00Z', 'o': 44.81, 'h': 44.955, 'l': 44.045, 'c': 44.12, 'v': 3372813, 'n': 34082, 'vw': 44.24198}"
BKH,"{'t': '2023-09-19T04:00:00Z', 'o': 55.18, 'h': 55.425, 'l': 54.67, 'c': 54.69, 'v': 512189, 'n': 8276, 'vw': 54.908557}"
BKU,"{'t': '2023-09-19T04:00:00Z', 'o': 23.94, 'h': 24.11, 'l': 23.48, 'c': 23.56, 'v': 768574, 'n': 9037, 'vw': 23.626724}"
BMO,"{'t': '2023-09-19T04:00:00Z', 'o': 88.55, 'h': 88.74, 'l': 87.31, 'c': 87.69, 'v': 440741, 'n': 7395, 'vw': 87.70072}"
BMY,"{'t': '2023-09-19T04:00:00Z', 'o': 58.56, 'h': 58.92, 'l': 58.3434, 'c': 58.63, 'v': 10455723, 'n': 64382, 'vw': 58.615761}"
BNS,"{'t': '2023-09-19T04:00:00Z', 'o': 48.69, 'h': 48.73, 'l': 48.18, 'c': 48.22, 'v': 888056, 'n': 9954, 'vw': 48.352484}"
BLMN,"{'t': '2023-09-19T04:00:00Z', 'o': 26.15, 'h': 26.31, 'l': 25.475, 'c': 25.77, 'v': 1340692, 'n': 18355, 'vw': 25.738183}"
BLUE,"{'t': '2023-09-19T04:00:00Z', 'o': 3.19, 'h': 3.26, 'l': 3.135, 'c': 3.21, 'v': 2288982, 'n': 12157, 'vw': 3.199166}"
BMRN,"{'t': '2023-09-19T04:00:00Z', 'o': 88.84, 'h': 89.59, 'l': 88.09, 'c': 88.82, 'v': 1261491, 'n': 18166, 'vw': 88.835563}"
BOX,"{'t': '2023-09-19T04:00:00Z', 'o': 24.81, 'h': 24.93, 'l': 24.42, 'c': 24.5, 'v': 1624077, 'n': 14465, 'vw': 24.549808}"
BRKR,"{'t': '2023-09-19T04:00:00Z', 'o': 65.03, 'h': 65.695, 'l': 64.77, 'c': 65.32, 'v': 611466, 'n': 12606, 'vw': 65.290076}"
BTU,"{'t': '2023-09-19T04:00:00Z', 'o': 24.3, 'h': 24.43, 'l': 23.79, 'c': 23.9, 'v': 1915289, 'n': 20643, 'vw': 23.969995}"
BPOP,"{'t': '2023-09-19T04:00:00Z', 'o': 64.18, 'h': 64.355, 'l': 62.92, 'c': 63.19, 'v': 388498, 'n': 7030, 'vw': 63.250857}"
BP,"{'t': '2023-09-19T04:00:00Z', 'o': 39, 'h': 39.17, 'l': 38.7525, 'c': 38.82, 'v': 8477599, 'n': 48832, 'vw': 38.920679}"
BRX,"{'t': '2023-09-19T04:00:00Z', 'o': 22.49, 'h': 22.62, 'l': 22.32, 'c': 22.34, 'v': 1854315, 'n': 14503, 'vw': 22.413135}"
BSX,"{'t': '2023-09-19T04:00:00Z', 'o': 53.01, 'h': 53.21, 'l': 52.575, 'c': 53.03, 'v': 7549134, 'n': 59554, 'vw': 52.95958}"
BUD,"{'t': '2023-09-19T04:00:00Z', 'o': 57.72, 'h': 57.79, 'l': 57.415, 'c': 57.48, 'v': 1069004, 'n': 16452, 'vw': 57.537794}"
BYD,"{'t': '2023-09-19T04:00:00Z', 'o': 63.95, 'h': 64.3, 'l': 63.04, 'c': 63.32, 'v': 944749, 'n': 14997, 'vw': 63.469411}"
CALM,"{'t': '2023-09-19T04:00:00Z', 'o': 46.82, 'h': 47.835, 'l': 46.82, 'c': 47.28, 'v': 524261, 'n': 12255, 'vw': 47.394616}"
BWXT,"{'t': '2023-09-19T04:00:00Z', 'o': 76.48, 'h': 76.93, 'l': 75.17, 'c': 75.19, 'v': 714135, 'n': 13234, 'vw': 75.699169}"
BZH,"{'t': '2023-09-19T04:00:00Z', 'o': 25.31, 'h': 25.81, 'l': 24.79, 'c': 25.51, 'v': 732707, 'n': 11295, 'vw': 25.350929}"
CAG,"{'t': '2023-09-19T04:00:00Z', 'o': 28.76, 'h': 28.855, 'l': 28.595, 'c': 28.69, 'v': 3205891, 'n': 28869, 'vw': 28.700815}"
CAH,"{'t': '2023-09-19T04:00:00Z', 'o': 88.17, 'h': 88.7, 'l': 87.91, 'c': 88.26, 'v': 1278646, 'n': 22203, 'vw': 88.305093}"
C,"{'t': '2023-09-19T04:00:00Z', 'o': 42.79, 'h': 42.86, 'l': 42.47, 'c': 42.68, 'v': 11039494, 'n': 73105, 'vw': 42.654083}"
BWA,"{'t': '2023-09-19T04:00:00Z', 'o': 40.99, 'h': 41.44, 'l': 40.6, 'c': 41.23, 'v': 2579907, 'n': 23714, 'vw': 41.206556}"
BXP,"{'t': '2023-09-19T04:00:00Z', 'o': 65.26, 'h': 66.51, 'l': 65.26, 'c': 65.55, 'v': 865505, 'n': 14278, 'vw': 65.77634}"
CCI,"{'t': '2023-09-19T04:00:00Z', 'o': 97.16, 'h': 97.56, 'l': 96.22, 'c': 96.97, 'v': 3015174, 'n': 34036, 'vw': 96.944641}"
CCK,"{'t': '2023-09-19T04:00:00Z', 'o': 90.38, 'h': 91.025, 'l': 89.265, 'c': 89.71, 'v': 624334, 'n': 9664, 'vw': 89.87152}"
CCL,"{'t': '2023-09-19T04:00:00Z', 'o': 15.06, 'h': 15.58, 'l': 15, 'c': 15.09, 'v': 23552321, 'n': 89900, 'vw': 15.180809}"
CBD,"{'t': '2023-09-19T04:00:00Z', 'o': 0.841, 'h': 0.841, 'l': 0.7818, 'c': 0.7838, 'v': 706490, 'n': 2122, 'vw': 0.806728}"
CCJ,"{'t': '2023-09-19T04:00:00Z', 'o': 40.65, 'h': 40.86, 'l': 38.82, 'c': 39.14, 'v': 6155599, 'n': 53766, 'vw': 39.387991}"
CFG,"{'t': '2023-09-19T04:00:00Z', 'o': 27.4, 'h': 27.585, 'l': 26.94, 'c': 27.46, 'v': 5880637, 'n': 35272, 'vw': 27.295402}"
CF,"{'t': '2023-09-19T04:00:00Z', 'o': 81.56, 'h': 83.12, 'l': 81.52, 'c': 82.9, 'v': 2287712, 'n': 39202, 'vw': 82.633566}"
CG,"{'t': '2023-09-19T04:00:00Z', 'o': 32.99, 'h': 33.2, 'l': 32.43, 'c': 32.47, 'v': 2626273, 'n': 25452, 'vw': 32.556853}"
CENX,"{'t': '2023-09-19T04:00:00Z', 'o': 7.3, 'h': 7.375, 'l': 6.87, 'c': 6.88, 'v': 1224581, 'n': 11732, 'vw': 6.990299}"
CHD,"{'t': '2023-09-19T04:00:00Z', 'o': 94.96, 'h': 95.67, 'l': 93.93, 'c': 94.84, 'v': 989075, 'n': 17880, 'vw': 94.698941}"
CHRW,"{'t': '2023-09-19T04:00:00Z', 'o': 87.97, 'h': 88.75, 'l': 87.75, 'c': 88.5, 'v': 1011975, 'n': 22012, 'vw': 88.323054}"
CEQP,"{'t': '2023-09-19T04:00:00Z', 'o': 29.1, 'h': 29.405, 'l': 28.81, 'c': 29.21, 'v': 493597, 'n': 5804, 'vw': 29.143042}"
CFR,"{'t': '2023-09-19T04:00:00Z', 'o': 94.25, 'h': 95.03, 'l': 93.11, 'c': 93.91, 'v': 346760, 'n': 6995, 'vw': 93.934192}"
CLDX,"{'t': '2023-09-19T04:00:00Z', 'o': 26.82, 'h': 27.255, 'l': 26.44, 'c': 26.61, 'v': 296846, 'n': 4383, 'vw': 26.626688}"
CL,"{'t': '2023-09-19T04:00:00Z', 'o': 73.66, 'h': 73.69, 'l': 72.595, 'c': 73.22, 'v': 3015984, 'n': 37741, 'vw': 73.139604}"
CMC,"{'t': '2023-09-19T04:00:00Z', 'o': 52.28, 'h': 52.92, 'l': 51.55, 'c': 51.64, 'v': 981371, 'n': 17531, 'vw': 51.866327}"
CMA,"{'t': '2023-09-19T04:00:00Z', 'o': 43.5, 'h': 43.68, 'l': 42.46, 'c': 43.18, 'v': 1835902, 'n': 26974, 'vw': 42.976399}"
CMCM,"{'t': '2023-09-19T04:00:00Z', 'o': 2, 'h': 2.03, 'l': 2, 'c': 2.02, 'v': 6480, 'n': 55, 'vw': 2.018148}"
CMCSA,"{'t': '2023-09-19T04:00:00Z', 'o': 45.57, 'h': 45.83, 'l': 45.465, 'c': 45.73, 'v': 15865551, 'n': 94536, 'vw': 45.700244}"
CIEN,"{'t': '2023-09-19T04:00:00Z', 'o': 48.98, 'h': 49.15, 'l': 47.97, 'c': 47.97, 'v': 1158078, 'n': 15396, 'vw': 48.173904}"
CNP,"{'t': '2023-09-19T04:00:00Z', 'o': 29.14, 'h': 29.29, 'l': 28.96, 'c': 28.98, 'v': 4837954, 'n': 38983, 'vw': 29.07113}"
CMRX,"{'t': '2023-09-19T04:00:00Z', 'o': 1.05, 'h': 1.07, 'l': 1.03, 'c': 1.06, 'v': 452046, 'n': 1584, 'vw': 1.051708}"
CMS,"{'t': '2023-09-19T04:00:00Z', 'o': 57, 'h': 57.3, 'l': 56.74, 'c': 56.81, 'v': 3248564, 'n': 35887, 'vw': 56.949319}"
CNC,"{'t': '2023-09-19T04:00:00Z', 'o': 67.97, 'h': 68.05, 'l': 67.2, 'c': 67.85, 'v': 2313221, 'n': 26142, 'vw': 67.695763}"
CNK,"{'t': '2023-09-19T04:00:00Z', 'o': 16.86, 'h': 17.48, 'l': 16.75, 'c': 17.41, 'v': 2480793, 'n': 26179, 'vw': 17.265023}"
CNO,"{'t': '2023-09-19T04:00:00Z', 'o': 23.85, 'h': 24.11, 'l': 23.82, 'c': 23.91, 'v': 658830, 'n': 7176, 'vw': 23.940275}"
COTY,"{'t': '2023-09-19T04:00:00Z', 'o': 11.45, 'h': 11.65, 'l': 11.22, 'c': 11.47, 'v': 3999179, 'n': 26315, 'vw': 11.415634}"
CP,"{'t': '2023-09-19T04:00:00Z', 'o': 79.21, 'h': 79.52, 'l': 77.86, 'c': 78.35, 'v': 1098908, 'n': 12737, 'vw': 78.363211}"
CONN,"{'t': '2023-09-19T04:00:00Z', 'o': 3.95, 'h': 4.08, 'l': 3.87, 'c': 4.04, 'v': 60635, 'n': 816, 'vw': 3.9735}"
CPB,"{'t': '2023-09-19T04:00:00Z', 'o': 42.77, 'h': 42.89, 'l': 42.265, 'c': 42.32, 'v': 2138421, 'n': 24139, 'vw': 42.469617}"
CNQ,"{'t': '2023-09-19T04:00:00Z', 'o': 65.35, 'h': 65.35, 'l': 63.62, 'c': 63.89, 'v': 1913597, 'n': 14431, 'vw': 64.008198}"
CNX,"{'t': '2023-09-19T04:00:00Z', 'o': 22, 'h': 22.135, 'l': 21.78, 'c': 21.87, 'v': 1635789, 'n': 16277, 'vw': 21.911209}"
COMM,"{'t': '2023-09-19T04:00:00Z', 'o': 3.4, 'h': 3.49, 'l': 3.36, 'c': 3.42, 'v': 1942634, 'n': 10285, 'vw': 3.41648}"
CPG,"{'t': '2023-09-19T04:00:00Z', 'o': 8.53, 'h': 8.544, 'l': 8.25, 'c': 8.27, 'v': 3322805, 'n': 7781, 'vw': 8.334347}"
CPRT,"{'t': '2023-09-19T04:00:00Z', 'o': 44.43, 'h': 44.775, 'l': 43.89, 'c': 44.57, 'v': 6377933, 'n': 43393, 'vw': 44.374976}"
CSIQ,"{'t': '2023-09-19T04:00:00Z', 'o': 26.73, 'h': 27.36, 'l': 26.68, 'c': 26.84, 'v': 723784, 'n': 11400, 'vw': 27.045147}"
CSTM,"{'t': '2023-09-19T04:00:00Z', 'o': 17.31, 'h': 17.5, 'l': 17.24, 'c': 17.49, 'v': 485473, 'n': 5429, 'vw': 17.408238}"
CSX,"{'t': '2023-09-19T04:00:00Z', 'o': 31.02, 'h': 31.1, 'l': 30.44, 'c': 30.91, 'v': 15039810, 'n': 75181, 'vw': 30.839214}"
CPE,"{'t': '2023-09-19T04:00:00Z', 'o': 39.12, 'h': 39.12, 'l': 37.65, 'c': 38, 'v': 1304722, 'n': 15451, 'vw': 38.094292}"
CRUS,"{'t': '2023-09-19T04:00:00Z', 'o': 73.89, 'h': 73.89, 'l': 72.595, 'c': 73.44, 'v': 269332, 'n': 8915, 'vw': 73.405287}"
CSCO,"{'t': '2023-09-19T04:00:00Z', 'o': 56.18, 'h': 56.21, 'l': 55.46, 'c': 55.84, 'v': 10748903, 'n': 83307, 'vw': 55.758097}"
CROX,"{'t': '2023-09-19T04:00:00Z', 'o': 88.04, 'h': 90.36, 'l': 88, 'c': 89.68, 'v': 1633879, 'n': 31946, 'vw': 89.538432}"
CVE,"{'t': '2023-09-19T04:00:00Z', 'o': 20.95, 'h': 21.095, 'l': 20.365, 'c': 20.59, 'v': 6909840, 'n': 29959, 'vw': 20.619318}"
CYH,"{'t': '2023-09-19T04:00:00Z', 'o': 3.12, 'h': 3.17, 'l': 2.985, 'c': 3.01, 'v': 919711, 'n': 6491, 'vw': 3.039706}"
CTSH,"{'t': '2023-09-19T04:00:00Z', 'o': 69.85, 'h': 70.19, 'l': 69.05, 'c': 70.09, 'v': 5046527, 'n': 36293, 'vw': 69.971}"
CUBE,"{'t': '2023-09-19T04:00:00Z', 'o': 40.45, 'h': 40.68, 'l': 40.23, 'c': 40.41, 'v': 849619, 'n': 12178, 'vw': 40.466472}"
CVS,"{'t': '2023-09-19T04:00:00Z', 'o': 70.98, 'h': 72.27, 'l': 70.92, 'c': 71.99, 'v': 9193810, 'n': 81641, 'vw': 71.702719}"
CXW,"{'t': '2023-09-19T04:00:00Z', 'o': 10.31, 'h': 10.39, 'l': 10.115, 'c': 10.37, 'v': 482494, 'n': 6211, 'vw': 10.281808}"
DAL,"{'t': '2023-09-19T04:00:00Z', 'o': 38.87, 'h': 39.52, 'l': 38.64, 'c': 39.45, 'v': 8176313, 'n': 57471, 'vw': 39.235209}"
D,"{'t': '2023-09-19T04:00:00Z', 'o': 48.6, 'h': 48.7, 'l': 47.82, 'c': 47.85, 'v': 4185438, 'n': 36758, 'vw': 48.043075}"
DAN,"{'t': '2023-09-19T04:00:00Z', 'o': 15.06, 'h': 15.27, 'l': 14.94, 'c': 14.97, 'v': 621998, 'n': 8283, 'vw': 15.00687}"
DB,"{'t': '2023-09-19T04:00:00Z', 'o': 10.76, 'h': 10.795, 'l': 10.7, 'c': 10.73, 'v': 1209546, 'n': 4935, 'vw': 10.741951}"
DCI,"{'t': '2023-09-19T04:00:00Z', 'o': 61.54, 'h': 61.76, 'l': 60.66, 'c': 60.74, 'v': 322136, 'n': 7744, 'vw': 60.869528}"
DEI,"{'t': '2023-09-19T04:00:00Z', 'o': 13.43, 'h': 13.685, 'l': 13.37, 'c': 13.5, 'v': 2236314, 'n': 16490, 'vw': 13.548617}"
DFS,"{'t': '2023-09-19T04:00:00Z', 'o': 88.51, 'h': 89.12, 'l': 88.09, 'c': 88.81, 'v': 1761309, 'n': 26534, 'vw': 88.681859}"
DDD,"{'t': '2023-09-19T04:00:00Z', 'o': 4.92, 'h': 5.04, 'l': 4.89, 'c': 4.94, 'v': 2342699, 'n': 17081, 'vw': 4.95345}"
DD,"{'t': '2023-09-19T04:00:00Z', 'o': 74.75, 'h': 75.24, 'l': 73.99, 'c': 74.47, 'v': 3258073, 'n': 25298, 'vw': 74.449009}"
DNOW,"{'t': '2023-09-19T04:00:00Z', 'o': 11.7, 'h': 11.8095, 'l': 11.49, 'c': 11.55, 'v': 345522, 'n': 4666, 'vw': 11.566083}"
DK,"{'t': '2023-09-19T04:00:00Z', 'o': 30.54, 'h': 30.54, 'l': 29.47, 'c': 29.69, 'v': 1550234, 'n': 16433, 'vw': 29.737665}"
DISH,"{'t': '2023-09-19T04:00:00Z', 'o': 6.47, 'h': 6.735, 'l': 6.41, 'c': 6.48, 'v': 6359605, 'n': 32058, 'vw': 6.540431}"
DIS,"{'t': '2023-09-19T04:00:00Z', 'o': 83.915, 'h': 84.79, 'l': 81.71, 'c': 81.94, 'v': 21478915, 'n': 221647, 'vw': 82.372226}"
DV,"{'t': '2023-09-19T04:00:00Z', 'o': 28.11, 'h': 28.69, 'l': 27.89, 'c': 28.55, 'v': 1522182, 'n': 15843, 'vw': 28.430786}"
DOW,"{'t': '2023-09-19T04:00:00Z', 'o': 53.44, 'h': 53.73, 'l': 52.3488, 'c': 52.9, 'v': 3986260, 'n': 42864, 'vw': 52.896058}"
DOX,"{'t': '2023-09-19T04:00:00Z', 'o': 86.34, 'h': 86.697, 'l': 86.215, 'c': 86.6, 'v': 246208, 'n': 8820, 'vw': 86.512762}"
DO,"{'t': '2023-09-19T04:00:00Z', 'o': 15.86, 'h': 15.94, 'l': 15.14, 'c': 15.15, 'v': 1215621, 'n': 13987, 'vw': 15.348556}"
DUK,"{'t': '2023-09-19T04:00:00Z', 'o': 94.96, 'h': 95.23, 'l': 93.79, 'c': 93.84, 'v': 3291021, 'n': 46908, 'vw': 94.240365}"
DVAX,"{'t': '2023-09-19T04:00:00Z', 'o': 13.59, 'h': 13.75, 'l': 13.5, 'c': 13.73, 'v': 867318, 'n': 10432, 'vw': 13.664601}"
ED,"{'t': '2023-09-19T04:00:00Z', 'o': 91.66, 'h': 92.0499, 'l': 91.13, 'c': 91.17, 'v': 1132199, 'n': 19068, 'vw': 91.350836}"
DYN,"{'t': '2023-09-19T04:00:00Z', 'o': 9.86, 'h': 10.05, 'l': 9.525, 'c': 9.86, 'v': 750079, 'n': 10158, 'vw': 9.779019}"
EAT,"{'t': '2023-09-19T04:00:00Z', 'o': 31.09, 'h': 31.93, 'l': 30.92, 'c': 31.83, 'v': 908163, 'n': 14764, 'vw': 31.664086}"
DY,"{'t': '2023-09-19T04:00:00Z', 'o': 96.43, 'h': 97.23, 'l': 95.64, 'c': 96.61, 'v': 235215, 'n': 4151, 'vw': 96.586731}"
EBAY,"{'t': '2023-09-19T04:00:00Z', 'o': 43.63, 'h': 44.09, 'l': 43.42, 'c': 43.62, 'v': 4308617, 'n': 53324, 'vw': 43.661505}"
EDU,"{'t': '2023-09-19T04:00:00Z', 'o': 56.68, 'h': 57.38, 'l': 55.88, 'c': 56.07, 'v': 528926, 'n': 8521, 'vw': 56.302766}"
DVN,"{'t': '2023-09-19T04:00:00Z', 'o': 50.1, 'h': 50.25, 'l': 48.87, 'c': 48.99, 'v': 9549358, 'n': 77468, 'vw': 49.179772}"
DXCM,"{'t': '2023-09-19T04:00:00Z', 'o': 95.29, 'h': 95.31, 'l': 92.77, 'c': 94.16, 'v': 3644661, 'n': 45151, 'vw': 93.962679}"
EIX,"{'t': '2023-09-19T04:00:00Z', 'o': 71.29, 'h': 71.49, 'l': 70.14, 'c': 70.19, 'v': 1724994, 'n': 25245, 'vw': 70.528567}"
EGHT,"{'t': '2023-09-19T04:00:00Z', 'o': 2.52, 'h': 2.6, 'l': 2.47, 'c': 2.5, 'v': 1911101, 'n': 9962, 'vw': 2.523395}"
EMN,"{'t': '2023-09-19T04:00:00Z', 'o': 78.42, 'h': 78.89, 'l': 77.55, 'c': 78.71, 'v': 1084020, 'n': 13380, 'vw': 78.521135}"
EMR,"{'t': '2023-09-19T04:00:00Z', 'o': 99.99, 'h': 100.01, 'l': 98.14, 'c': 98.82, 'v': 1891736, 'n': 29023, 'vw': 98.868597}"
ENB,"{'t': '2023-09-19T04:00:00Z', 'o': 35.25, 'h': 35.43, 'l': 34.735, 'c': 34.95, 'v': 4510454, 'n': 28863, 'vw': 34.976947}"
ENR,"{'t': '2023-09-19T04:00:00Z', 'o': 33.68, 'h': 34.469, 'l': 33.68, 'c': 34.17, 'v': 835304, 'n': 12091, 'vw': 34.180067}"
EPD,"{'t': '2023-09-19T04:00:00Z', 'o': 27.09, 'h': 27.11, 'l': 26.925, 'c': 26.99, 'v': 3592699, 'n': 17752, 'vw': 27.017095}"
ERJ,"{'t': '2023-09-19T04:00:00Z', 'o': 14.72, 'h': 14.72, 'l': 14.355, 'c': 14.4, 'v': 725304, 'n': 7025, 'vw': 14.44122}"
EURN,"{'t': '2023-09-19T04:00:00Z', 'o': 16.67, 'h': 16.79, 'l': 16.195, 'c': 16.2, 'v': 730589, 'n': 7295, 'vw': 16.37921}"
EW,"{'t': '2023-09-19T04:00:00Z', 'o': 72.25, 'h': 73.24, 'l': 71.72, 'c': 73.02, 'v': 2971530, 'n': 36325, 'vw': 72.573218}"
EQR,"{'t': '2023-09-19T04:00:00Z', 'o': 62.28, 'h': 62.47, 'l': 61.88, 'c': 62.06, 'v': 927971, 'n': 13969, 'vw': 62.086496}"
EQT,"{'t': '2023-09-19T04:00:00Z', 'o': 41.65, 'h': 41.9, 'l': 40.73, 'c': 40.99, 'v': 8309253, 'n': 42818, 'vw': 40.997271}"
ES,"{'t': '2023-09-19T04:00:00Z', 'o': 64.33, 'h': 64.525, 'l': 63.73, 'c': 63.79, 'v': 1777045, 'n': 25418, 'vw': 63.979749}"
ETR,"{'t': '2023-09-19T04:00:00Z', 'o': 98.89, 'h': 99.415, 'l': 98.42, 'c': 98.46, 'v': 928245, 'n': 15466, 'vw': 98.73537}"
ETSY,"{'t': '2023-09-19T04:00:00Z', 'o': 63.24, 'h': 65.93, 'l': 62.89, 'c': 65.74, 'v': 3111590, 'n': 53436, 'vw': 64.905496}"
EXAS,"{'t': '2023-09-19T04:00:00Z', 'o': 74.96, 'h': 75.85, 'l': 74.605, 'c': 75.63, 'v': 788915, 'n': 18383, 'vw': 75.347612}"
EXC,"{'t': '2023-09-19T04:00:00Z', 'o': 41.41, 'h': 41.48, 'l': 40.96, 'c': 41.07, 'v': 4230609, 'n': 41273, 'vw': 41.129434}"
EXPR,"{'t': '2023-09-19T04:00:00Z', 'o': 9.46, 'h': 9.5, 'l': 9.02, 'c': 9.13, 'v': 33084, 'n': 589, 'vw': 9.262285}"
FAF,"{'t': '2023-09-19T04:00:00Z', 'o': 60.44, 'h': 60.7, 'l': 59.98, 'c': 60.21, 'v': 497156, 'n': 9298, 'vw': 60.282659}"
EWBC,"{'t': '2023-09-19T04:00:00Z', 'o': 54.16, 'h': 54.75, 'l': 53.67, 'c': 53.97, 'v': 645361, 'n': 11649, 'vw': 53.989427}"
FAST,"{'t': '2023-09-19T04:00:00Z', 'o': 54.81, 'h': 54.955, 'l': 54.23, 'c': 54.8, 'v': 2418937, 'n': 34349, 'vw': 54.739913}"
FCX,"{'t': '2023-09-19T04:00:00Z', 'o': 40.2, 'h': 40.48, 'l': 38.66, 'c': 38.82, 'v': 12865548, 'n': 86931, 'vw': 38.97906}"
FET,"{'t': '2023-09-19T04:00:00Z', 'o': 25.34, 'h': 25.34, 'l': 23.95, 'c': 24.23, 'v': 45619, 'n': 1180, 'vw': 24.26134}"
FE,"{'t': '2023-09-19T04:00:00Z', 'o': 36.8, 'h': 37.04, 'l': 36.59, 'c': 36.8, 'v': 4448389, 'n': 32444, 'vw': 36.831949}"
FIS,"{'t': '2023-09-19T04:00:00Z', 'o': 57.4, 'h': 58.42, 'l': 57.26, 'c': 58.23, 'v': 9160114, 'n': 49693, 'vw': 58.09133}"
FITB,"{'t': '2023-09-19T04:00:00Z', 'o': 27.18, 'h': 27.23, 'l': 26.785, 'c': 26.91, 'v': 5555564, 'n': 42550, 'vw': 26.927115}"
FL,"{'t': '2023-09-19T04:00:00Z', 'o': 17.94, 'h': 18.25, 'l': 17.89, 'c': 18.15, 'v': 2816180, 'n': 24816, 'vw': 18.092158}"
FLR,"{'t': '2023-09-19T04:00:00Z', 'o': 36.72, 'h': 38.69, 'l': 36.61, 'c': 38.2, 'v': 4881874, 'n': 33494, 'vw': 38.208485}"
FMC,"{'t': '2023-09-19T04:00:00Z', 'o': 74, 'h': 74.045, 'l': 72.42, 'c': 72.5, 'v': 1655264, 'n': 28617, 'vw': 72.686566}"
FOLD,"{'t': '2023-09-19T04:00:00Z', 'o': 12.88, 'h': 12.99, 'l': 12.745, 'c': 12.9, 'v': 1517004, 'n': 10494, 'vw': 12.886092}"
FOSL,"{'t': '2023-09-19T04:00:00Z', 'o': 2.15, 'h': 2.17, 'l': 2.04, 'c': 2.14, 'v': 248884, 'n': 2170, 'vw': 2.109912}"
FLO,"{'t': '2023-09-19T04:00:00Z', 'o': 23.25, 'h': 23.36, 'l': 23.08, 'c': 23.09, 'v': 1299348, 'n': 12743, 'vw': 23.165709}"
FLS,"{'t': '2023-09-19T04:00:00Z', 'o': 39.46, 'h': 39.82, 'l': 38.94, 'c': 39.43, 'v': 832895, 'n': 12576, 'vw': 39.337654}"
FNF,"{'t': '2023-09-19T04:00:00Z', 'o': 42.94, 'h': 43.27, 'l': 42.8308, 'c': 43.03, 'v': 4091901, 'n': 25321, 'vw': 43.032475}"
FOX,"{'t': '2023-09-19T04:00:00Z', 'o': 29.18, 'h': 29.5, 'l': 29.16, 'c': 29.41, 'v': 1205989, 'n': 11643, 'vw': 29.387954}"
FTK,"{'t': '2023-09-19T04:00:00Z', 'o': 0.72, 'h': 0.7599, 'l': 0.6888, 'c': 0.6936, 'v': 204051, 'n': 1254, 'vw': 0.720171}"
GBX,"{'t': '2023-09-19T04:00:00Z', 'o': 39.1, 'h': 39.78, 'l': 39.03, 'c': 39.58, 'v': 164376, 'n': 3740, 'vw': 39.541466}"
GCI,"{'t': '2023-09-19T04:00:00Z', 'o': 2.55, 'h': 2.6, 'l': 2.535, 'c': 2.57, 'v': 372446, 'n': 2546, 'vw': 2.562186}"
FOXA,"{'t': '2023-09-19T04:00:00Z', 'o': 31.82, 'h': 32.15, 'l': 31.771, 'c': 32.09, 'v': 3050119, 'n': 31180, 'vw': 32.026594}"
FR,"{'t': '2023-09-19T04:00:00Z', 'o': 51.12, 'h': 51.44, 'l': 50.76, 'c': 50.9, 'v': 575838, 'n': 8163, 'vw': 50.960792}"
FTI,"{'t': '2023-09-19T04:00:00Z', 'o': 21.285, 'h': 21.35, 'l': 20.36, 'c': 20.41, 'v': 12294826, 'n': 38212, 'vw': 20.497403}"
FTNT,"{'t': '2023-09-19T04:00:00Z', 'o': 59.95, 'h': 60.51, 'l': 58.4536, 'c': 60.44, 'v': 4220538, 'n': 61253, 'vw': 59.884429}"
G,"{'t': '2023-09-19T04:00:00Z', 'o': 36.82, 'h': 37.07, 'l': 36.63, 'c': 36.97, 'v': 832949, 'n': 11852, 'vw': 36.929053}"
GIS,"{'t': '2023-09-19T04:00:00Z', 'o': 66.34, 'h': 66.44, 'l': 65.58, 'c': 65.88, 'v': 5744457, 'n': 62091, 'vw': 65.914486}"
GME,"{'t': '2023-09-19T04:00:00Z', 'o': 17.59, 'h': 17.635, 'l': 17.13, 'c': 17.52, 'v': 2584791, 'n': 31966, 'vw': 17.413279}"
GM,"{'t': '2023-09-19T04:00:00Z', 'o': 33.45, 'h': 34.305, 'l': 33.35, 'c': 33.96, 'v': 9548660, 'n': 61985, 'vw': 33.875519}"
GILD,"{'t': '2023-09-19T04:00:00Z', 'o': 75.39, 'h': 76.125, 'l': 75.255, 'c': 75.77, 'v': 4002720, 'n': 48724, 'vw': 75.68302}"
GLNG,"{'t': '2023-09-19T04:00:00Z', 'o': 24, 'h': 24.135, 'l': 23.29, 'c': 23.36, 'v': 799327, 'n': 9978, 'vw': 23.504209}"
GLPI,"{'t': '2023-09-19T04:00:00Z', 'o': 47.67, 'h': 48.34, 'l': 47.61, 'c': 48.1, 'v': 1719749, 'n': 25040, 'vw': 48.09698}"
GLW,"{'t': '2023-09-19T04:00:00Z', 'o': 31.64, 'h': 32, 'l': 31.55, 'c': 31.88, 'v': 4069174, 'n': 34418, 'vw': 31.809847}"
GES,"{'t': '2023-09-19T04:00:00Z', 'o': 22.11, 'h': 22.34, 'l': 21.95, 'c': 21.95, 'v': 635885, 'n': 10078, 'vw': 22.033526}"
GNTX,"{'t': '2023-09-19T04:00:00Z', 'o': 32.13, 'h': 32.415, 'l': 32.02, 'c': 32.24, 'v': 1201894, 'n': 16761, 'vw': 32.229899}"
GOLD,"{'t': '2023-09-19T04:00:00Z', 'o': 16.72, 'h': 16.75, 'l': 16.19, 'c': 16.33, 'v': 14978300, 'n': 48053, 'vw': 16.346187}"
GRFS,"{'t': '2023-09-19T04:00:00Z', 'o': 9.81, 'h': 9.885, 'l': 9.74, 'c': 9.75, 'v': 255851, 'n': 2975, 'vw': 9.794462}"
GPRO,"{'t': '2023-09-19T04:00:00Z', 'o': 3.51, 'h': 3.53, 'l': 3.45, 'c': 3.48, 'v': 727766, 'n': 5169, 'vw': 3.484045}"
GPS,"{'t': '2023-09-19T04:00:00Z', 'o': 10.18, 'h': 10.29, 'l': 9.82, 'c': 9.96, 'v': 8091640, 'n': 48317, 'vw': 9.970904}"
HAL,"{'t': '2023-09-19T04:00:00Z', 'o': 43, 'h': 43.15, 'l': 41.065, 'c': 41.43, 'v': 7512175, 'n': 61938, 'vw': 41.760585}"
HA,"{'t': '2023-09-19T04:00:00Z', 'o': 7.73, 'h': 7.82, 'l': 7.605, 'c': 7.65, 'v': 1635550, 'n': 12752, 'vw': 7.664682}"
GSK,"{'t': '2023-09-19T04:00:00Z', 'o': 37.28, 'h': 37.48, 'l': 37.205, 'c': 37.48, 'v': 2359735, 'n': 24385, 'vw': 37.350757}"
GSM,"{'t': '2023-09-19T04:00:00Z', 'o': 5.2, 'h': 5.35, 'l': 5.175, 'c': 5.31, 'v': 444823, 'n': 4671, 'vw': 5.279249}"
GT,"{'t': '2023-09-19T04:00:00Z', 'o': 12.36, 'h': 12.49, 'l': 12.32, 'c': 12.41, 'v': 1956781, 'n': 18378, 'vw': 12.427417}"
HAIN,"{'t': '2023-09-19T04:00:00Z', 'o': 9.43, 'h': 9.9, 'l': 9.41, 'c': 9.72, 'v': 1294002, 'n': 12654, 'vw': 9.730498}"
HALO,"{'t': '2023-09-19T04:00:00Z', 'o': 39.18, 'h': 39.92, 'l': 38.885, 'c': 39.77, 'v': 617104, 'n': 12683, 'vw': 39.68186}"
HAS,"{'t': '2023-09-19T04:00:00Z', 'o': 65.85, 'h': 66.52, 'l': 65.71, 'c': 66.28, 'v': 945661, 'n': 19393, 'vw': 66.205198}"
HCP,"{'t': '2023-09-19T04:00:00Z', 'o': 24.8, 'h': 24.88, 'l': 24.29, 'c': 24.69, 'v': 1403584, 'n': 18720, 'vw': 24.618207}"
HIW,"{'t': '2023-09-19T04:00:00Z', 'o': 22.63, 'h': 23.01, 'l': 22.63, 'c': 22.75, 'v': 763358, 'n': 11590, 'vw': 22.815545}"
HLF,"{'t': '2023-09-19T04:00:00Z', 'o': 14.5, 'h': 14.96, 'l': 14.46, 'c': 14.54, 'v': 2812895, 'n': 18212, 'vw': 14.609095}"
HBI,"{'t': '2023-09-19T04:00:00Z', 'o': 4.54, 'h': 4.74, 'l': 4.48, 'c': 4.5, 'v': 8333404, 'n': 31054, 'vw': 4.550942}"
HIG,"{'t': '2023-09-19T04:00:00Z', 'o': 73.55, 'h': 73.92, 'l': 73.25, 'c': 73.77, 'v': 1037887, 'n': 18857, 'vw': 73.685548}"
HOLX,"{'t': '2023-09-19T04:00:00Z', 'o': 71.83, 'h': 72.42, 'l': 71.57, 'c': 72.02, 'v': 1309735, 'n': 21509, 'vw': 71.968678}"
HRB,"{'t': '2023-09-19T04:00:00Z', 'o': 40.86, 'h': 41.39, 'l': 40.73, 'c': 41.29, 'v': 2187063, 'n': 19839, 'vw': 41.169546}"
HR,"{'t': '2023-09-19T04:00:00Z', 'o': 16.33, 'h': 16.38, 'l': 16.14, 'c': 16.16, 'v': 2135404, 'n': 15568, 'vw': 16.205274}"
HSBC,"{'t': '2023-09-19T04:00:00Z', 'o': 39.35, 'h': 39.47, 'l': 39.285, 'c': 39.45, 'v': 1332953, 'n': 13201, 'vw': 39.395994}"
HRL,"{'t': '2023-09-19T04:00:00Z', 'o': 38.24, 'h': 38.565, 'l': 38.12, 'c': 38.43, 'v': 1844158, 'n': 24258, 'vw': 38.405869}"
HOG,"{'t': '2023-09-19T04:00:00Z', 'o': 32.93, 'h': 33.13, 'l': 32.69, 'c': 32.83, 'v': 1377921, 'n': 16972, 'vw': 32.90481}"
HPE,"{'t': '2023-09-19T04:00:00Z', 'o': 17.05, 'h': 17.1675, 'l': 17, 'c': 17.07, 'v': 7622104, 'n': 32851, 'vw': 17.085507}"
HP,"{'t': '2023-09-19T04:00:00Z', 'o': 46.09, 'h': 46.24, 'l': 44.49, 'c': 44.73, 'v': 1152286, 'n': 14060, 'vw': 44.913176}"
IBKR,"{'t': '2023-09-19T04:00:00Z', 'o': 91.08, 'h': 91.08, 'l': 88.6, 'c': 89.58, 'v': 1174968, 'n': 22896, 'vw': 89.655648}"
HST,"{'t': '2023-09-19T04:00:00Z', 'o': 16.47, 'h': 16.5012, 'l': 16.29, 'c': 16.32, 'v': 3854679, 'n': 22791, 'vw': 16.342329}"
HTLD,"{'t': '2023-09-19T04:00:00Z', 'o': 15.69, 'h': 15.697, 'l': 15.42, 'c': 15.44, 'v': 221119, 'n': 3442, 'vw': 15.476566}"
HUN,"{'t': '2023-09-19T04:00:00Z', 'o': 25.26, 'h': 25.33, 'l': 24.7011, 'c': 25.05, 'v': 1589595, 'n': 17724, 'vw': 24.979791}"
IAC,"{'t': '2023-09-19T04:00:00Z', 'o': 52.7, 'h': 53.57, 'l': 52.04, 'c': 53.54, 'v': 720778, 'n': 14024, 'vw': 52.989397}"
HTZ,"{'t': '2023-09-19T04:00:00Z', 'o': 15.87, 'h': 16.025, 'l': 15.6, 'c': 15.74, 'v': 1716995, 'n': 15925, 'vw': 15.710968}"
INTC,"{'t': '2023-09-19T04:00:00Z', 'o': 38.04, 'h': 38.1, 'l': 36.02, 'c': 36.34, 'v': 53288070, 'n': 325843, 'vw': 36.897074}"
IMAX,"{'t': '2023-09-19T04:00:00Z', 'o': 18.94, 'h': 19.115, 'l': 18.79, 'c': 18.81, 'v': 242266, 'n': 4479, 'vw': 18.893725}"
INCY,"{'t': '2023-09-19T04:00:00Z', 'o': 59.53, 'h': 60.83, 'l': 59.52, 'c': 60.6, 'v': 2576955, 'n': 36753, 'vw': 60.329348}"
INFN,"{'t': '2023-09-19T04:00:00Z', 'o': 4.3, 'h': 4.31, 'l': 4.2, 'c': 4.21, 'v': 1333121, 'n': 9396, 'vw': 4.238162}"
INVA,"{'t': '2023-09-19T04:00:00Z', 'o': 12.41, 'h': 12.61, 'l': 12.4, 'c': 12.48, 'v': 915072, 'n': 8978, 'vw': 12.512585}"
IONS,"{'t': '2023-09-19T04:00:00Z', 'o': 42.96, 'h': 43.4613, 'l': 42.59, 'c': 42.98, 'v': 645740, 'n': 10549, 'vw': 43.069304}"
IMGN,"{'t': '2023-09-19T04:00:00Z', 'o': 15.68, 'h': 16.01, 'l': 15.62, 'c': 15.67, 'v': 3113662, 'n': 20519, 'vw': 15.740323}"
IPG,"{'t': '2023-09-19T04:00:00Z', 'o': 30.43, 'h': 30.565, 'l': 30.175, 'c': 30.29, 'v': 2250610, 'n': 23948, 'vw': 30.315615}"
IP,"{'t': '2023-09-19T04:00:00Z', 'o': 34.13, 'h': 34.46, 'l': 33.78, 'c': 34.1, 'v': 3047440, 'n': 29618, 'vw': 34.086869}"
IRWD,"{'t': '2023-09-19T04:00:00Z', 'o': 8.92, 'h': 9.55, 'l': 8.89, 'c': 9.26, 'v': 5342236, 'n': 39858, 'vw': 9.297119}"
IVZ,"{'t': '2023-09-19T04:00:00Z', 'o': 15.3, 'h': 15.46, 'l': 15.155, 'c': 15.28, 'v': 3500633, 'n': 24695, 'vw': 15.273045}"
IRM,"{'t': '2023-09-19T04:00:00Z', 'o': 63.09, 'h': 63.21, 'l': 62.52, 'c': 63.05, 'v': 1686721, 'n': 14755, 'vw': 63.015685}"
IR,"{'t': '2023-09-19T04:00:00Z', 'o': 66.17, 'h': 66.75, 'l': 65.28, 'c': 66.23, 'v': 4074980, 'n': 35218, 'vw': 66.225051}"
JBLU,"{'t': '2023-09-19T04:00:00Z', 'o': 4.69, 'h': 4.75, 'l': 4.57, 'c': 4.65, 'v': 15614398, 'n': 46524, 'vw': 4.642908}"
JWN,"{'t': '2023-09-19T04:00:00Z', 'o': 14.47, 'h': 14.615, 'l': 14.33, 'c': 14.54, 'v': 3057819, 'n': 26100, 'vw': 14.491074}"
KBH,"{'t': '2023-09-19T04:00:00Z', 'o': 48.07, 'h': 48.75, 'l': 47.77, 'c': 48.41, 'v': 1474054, 'n': 23405, 'vw': 48.351984}"
JCI,"{'t': '2023-09-19T04:00:00Z', 'o': 57.34, 'h': 57.54, 'l': 56.52, 'c': 57.26, 'v': 4019409, 'n': 41913, 'vw': 57.112823}"
JKS,"{'t': '2023-09-19T04:00:00Z', 'o': 29.5, 'h': 29.6, 'l': 28.56, 'c': 28.9, 'v': 632271, 'n': 9283, 'vw': 28.996932}"
JNPR,"{'t': '2023-09-19T04:00:00Z', 'o': 28.37, 'h': 28.56, 'l': 28.18, 'c': 28.48, 'v': 3680154, 'n': 21328, 'vw': 28.445637}"
JD,"{'t': '2023-09-19T04:00:00Z', 'o': 30.6, 'h': 30.79, 'l': 30.41, 'c': 30.64, 'v': 9677700, 'n': 68459, 'vw': 30.613887}"
KAR,"{'t': '2023-09-19T04:00:00Z', 'o': 15.58, 'h': 15.67, 'l': 15.46, 'c': 15.6, 'v': 311369, 'n': 5634, 'vw': 15.594901}"
K,"{'t': '2023-09-19T04:00:00Z', 'o': 60.13, 'h': 60.6279, 'l': 59.9218, 'c': 60.29, 'v': 2637449, 'n': 34771, 'vw': 60.360132}"
KHC,"{'t': '2023-09-19T04:00:00Z', 'o': 33.49, 'h': 33.98, 'l': 33.41, 'c': 33.94, 'v': 9262297, 'n': 66042, 'vw': 33.799628}"
KMT,"{'t': '2023-09-19T04:00:00Z', 'o': 25.21, 'h': 25.45, 'l': 25.06, 'c': 25.13, 'v': 357573, 'n': 6524, 'vw': 25.166917}"
KBR,"{'t': '2023-09-19T04:00:00Z', 'o': 61.59, 'h': 61.66, 'l': 60.66, 'c': 60.85, 'v': 949383, 'n': 17541, 'vw': 60.941806}"
KEX,"{'t': '2023-09-19T04:00:00Z', 'o': 84.57, 'h': 84.98, 'l': 83.42, 'c': 83.63, 'v': 562594, 'n': 9148, 'vw': 83.716079}"
KIM,"{'t': '2023-09-19T04:00:00Z', 'o': 18.62, 'h': 18.73, 'l': 18.48, 'c': 18.49, 'v': 3626965, 'n': 22642, 'vw': 18.549466}"
KKR,"{'t': '2023-09-19T04:00:00Z', 'o': 64.33, 'h': 64.58, 'l': 63.23, 'c': 63.43, 'v': 2765726, 'n': 34208, 'vw': 63.637168}"
KMI,"{'t': '2023-09-19T04:00:00Z', 'o': 17.13, 'h': 17.13, 'l': 16.825, 'c': 16.93, 'v': 13822575, 'n': 49768, 'vw': 16.937883}"
KMX,"{'t': '2023-09-19T04:00:00Z', 'o': 82.12, 'h': 82.12, 'l': 80.27, 'c': 82.04, 'v': 1509047, 'n': 23171, 'vw': 81.459504}"
KN,"{'t': '2023-09-19T04:00:00Z', 'o': 15.12, 'h': 15.39, 'l': 15.085, 'c': 15.15, 'v': 876592, 'n': 10492, 'vw': 15.199309}"
LAZ,"{'t': '2023-09-19T04:00:00Z', 'o': 32.38, 'h': 33.1, 'l': 32.3769, 'c': 32.96, 'v': 639682, 'n': 7274, 'vw': 32.87386}"
LBTYA,"{'t': '2023-09-19T04:00:00Z', 'o': 18.75, 'h': 18.83, 'l': 18.575, 'c': 18.73, 'v': 1426125, 'n': 16708, 'vw': 18.699248}"
KNX,"{'t': '2023-09-19T04:00:00Z', 'o': 53.56, 'h': 53.76, 'l': 52.61, 'c': 52.86, 'v': 1414138, 'n': 22909, 'vw': 52.875569}"
KO,"{'t': '2023-09-19T04:00:00Z', 'o': 58.26, 'h': 58.39, 'l': 57.92, 'c': 58.18, 'v': 12000086, 'n': 111002, 'vw': 58.162047}"
KRC,"{'t': '2023-09-19T04:00:00Z', 'o': 35.01, 'h': 35.54, 'l': 35.01, 'c': 35.13, 'v': 1339830, 'n': 16124, 'vw': 35.2656}"
KR,"{'t': '2023-09-19T04:00:00Z', 'o': 46.56, 'h': 46.6, 'l': 45.96, 'c': 46.09, 'v': 3770446, 'n': 35253, 'vw': 46.152408}"
KSS,"{'t': '2023-09-19T04:00:00Z', 'o': 21.43, 'h': 21.91, 'l': 21.33, 'c': 21.82, 'v': 4222792, 'n': 35585, 'vw': 21.656171}"
L,"{'t': '2023-09-19T04:00:00Z', 'o': 64.77, 'h': 65.315, 'l': 64.57, 'c': 65.08, 'v': 926583, 'n': 11785, 'vw': 65.06018}"
LL,"{'t': '2023-09-19T04:00:00Z', 'o': 3.1, 'h': 3.26, 'l': 3.04, 'c': 3.25, 'v': 368704, 'n': 3517, 'vw': 3.18891}"
LBTYK,"{'t': '2023-09-19T04:00:00Z', 'o': 20.15, 'h': 20.28, 'l': 20, 'c': 20.17, 'v': 1885466, 'n': 19125, 'vw': 20.153382}"
LC,"{'t': '2023-09-19T04:00:00Z', 'o': 6.54, 'h': 6.68, 'l': 6.52, 'c': 6.61, 'v': 1004149, 'n': 7250, 'vw': 6.598117}"
LEG,"{'t': '2023-09-19T04:00:00Z', 'o': 24.95, 'h': 25.34, 'l': 24.95, 'c': 25.27, 'v': 1780430, 'n': 21069, 'vw': 25.194292}"
LKQ,"{'t': '2023-09-19T04:00:00Z', 'o': 50.14, 'h': 50.7, 'l': 49.85, 'c': 50.57, 'v': 1090248, 'n': 19304, 'vw': 50.476569}"
LUV,"{'t': '2023-09-19T04:00:00Z', 'o': 29.08, 'h': 29.2, 'l': 28.67, 'c': 28.91, 'v': 6514753, 'n': 49541, 'vw': 28.861749}"
LYB,"{'t': '2023-09-19T04:00:00Z', 'o': 101.06, 'h': 101.2, 'l': 96.8, 'c': 97.91, 'v': 2977381, 'n': 43687, 'vw': 98.060935}"
LNC,"{'t': '2023-09-19T04:00:00Z', 'o': 26.08, 'h': 26.53, 'l': 25.785, 'c': 26.53, 'v': 2364351, 'n': 25543, 'vw': 26.314559}"
LVS,"{'t': '2023-09-19T04:00:00Z', 'o': 48.81, 'h': 49.21, 'l': 48.14, 'c': 48.63, 'v': 3408476, 'n': 40696, 'vw': 48.567925}"
LPX,"{'t': '2023-09-19T04:00:00Z', 'o': 57.86, 'h': 58.56, 'l': 57.29, 'c': 57.87, 'v': 639003, 'n': 12516, 'vw': 57.72876}"
MBLY,"{'t': '2023-09-19T04:00:00Z', 'o': 38.25, 'h': 39, 'l': 37.552, 'c': 38.43, 'v': 2925092, 'n': 33634, 'vw': 38.448435}"
M,"{'t': '2023-09-19T04:00:00Z', 'o': 10.7, 'h': 11.04, 'l': 10.67, 'c': 10.93, 'v': 12790680, 'n': 51140, 'vw': 10.865956}"
LYV,"{'t': '2023-09-19T04:00:00Z', 'o': 82.98, 'h': 83.565, 'l': 82.29, 'c': 82.8, 'v': 1188634, 'n': 15706, 'vw': 82.910298}"
MACK,"{'t': '2023-09-19T04:00:00Z', 'o': 12.19, 'h': 12.3, 'l': 12.16, 'c': 12.28, 'v': 22861, 'n': 424, 'vw': 12.248755}"
MAC,"{'t': '2023-09-19T04:00:00Z', 'o': 11.86, 'h': 12.035, 'l': 11.86, 'c': 12, 'v': 938329, 'n': 8674, 'vw': 11.976661}"
MAS,"{'t': '2023-09-19T04:00:00Z', 'o': 54.8, 'h': 55.5636, 'l': 54.605, 'c': 55.46, 'v': 1867315, 'n': 27649, 'vw': 55.165752}"
MAT,"{'t': '2023-09-19T04:00:00Z', 'o': 21.37, 'h': 21.525, 'l': 21.24, 'c': 21.4, 'v': 1883720, 'n': 18835, 'vw': 21.386401}"
MDLZ,"{'t': '2023-09-19T04:00:00Z', 'o': 71.73, 'h': 71.73, 'l': 71.16, 'c': 71.51, 'v': 4048827, 'n': 45132, 'vw': 71.459787}"
MDRX,"{'t': '2023-09-19T04:00:00Z', 'o': 13.06, 'h': 13.21, 'l': 12.7, 'c': 12.96, 'v': 1313596, 'n': 14204, 'vw': 12.889016}"
MDT,"{'t': '2023-09-19T04:00:00Z', 'o': 82.84, 'h': 82.99, 'l': 81.78, 'c': 82.63, 'v': 4655508, 'n': 55235, 'vw': 82.427303}"
MD,"{'t': '2023-09-19T04:00:00Z', 'o': 12.81, 'h': 12.9, 'l': 12.59, 'c': 12.59, 'v': 308212, 'n': 4591, 'vw': 12.647836}"
MEOH,"{'t': '2023-09-19T04:00:00Z', 'o': 43.14, 'h': 45.485, 'l': 42.97, 'c': 43.45, 'v': 703657, 'n': 11051, 'vw': 43.749714}"
MCHP,"{'t': '2023-09-19T04:00:00Z', 'o': 77.58, 'h': 78.15, 'l': 76.82, 'c': 77.78, 'v': 2232608, 'n': 35064, 'vw': 77.645657}"
MDC,"{'t': '2023-09-19T04:00:00Z', 'o': 43.31, 'h': 43.75, 'l': 42.88, 'c': 43.38, 'v': 313209, 'n': 6882, 'vw': 43.326032}"
MDU,"{'t': '2023-09-19T04:00:00Z', 'o': 20.35, 'h': 20.45, 'l': 20.13, 'c': 20.13, 'v': 837007, 'n': 10024, 'vw': 20.203194}"
MET,"{'t': '2023-09-19T04:00:00Z', 'o': 66.5, 'h': 66.82, 'l': 65.9, 'c': 66.36, 'v': 3331146, 'n': 37642, 'vw': 66.259169}"
MGM,"{'t': '2023-09-19T04:00:00Z', 'o': 40.04, 'h': 40.17, 'l': 38.43, 'c': 39.2, 'v': 8781035, 'n': 73948, 'vw': 39.128818}"
MKC,"{'t': '2023-09-19T04:00:00Z', 'o': 79.77, 'h': 80.16, 'l': 78.64, 'c': 78.72, 'v': 1377633, 'n': 24469, 'vw': 78.927883}"
MMP,"{'t': '2023-09-19T04:00:00Z', 'o': 68.43, 'h': 69.21, 'l': 68.2701, 'c': 68.97, 'v': 2349759, 'n': 29168, 'vw': 68.729491}"
MFC,"{'t': '2023-09-19T04:00:00Z', 'o': 19.48, 'h': 19.61, 'l': 19.455, 'c': 19.6, 'v': 4201825, 'n': 12304, 'vw': 19.546857}"
MGA,"{'t': '2023-09-19T04:00:00Z', 'o': 56.35, 'h': 56.71, 'l': 56, 'c': 56.4, 'v': 458150, 'n': 6541, 'vw': 56.411271}"
MRC,"{'t': '2023-09-19T04:00:00Z', 'o': 10.16, 'h': 10.36, 'l': 10.16, 'c': 10.32, 'v': 769832, 'n': 5680, 'vw': 10.297377}"
MRO,"{'t': '2023-09-19T04:00:00Z', 'o': 27.24, 'h': 27.365, 'l': 26.475, 'c': 26.75, 'v': 10307529, 'n': 60336, 'vw': 26.797541}"
MNST,"{'t': '2023-09-19T04:00:00Z', 'o': 56.02, 'h': 56.17, 'l': 55.6, 'c': 56.01, 'v': 3798837, 'n': 49936, 'vw': 55.942371}"
MOMO,"{'t': '2023-09-19T04:00:00Z', 'o': 7.12, 'h': 7.2127, 'l': 7.08, 'c': 7.09, 'v': 2136165, 'n': 15509, 'vw': 7.133554}"
MO,"{'t': '2023-09-19T04:00:00Z', 'o': 43.36, 'h': 43.445, 'l': 42.99, 'c': 43.06, 'v': 8774415, 'n': 53070, 'vw': 43.142554}"
MOS,"{'t': '2023-09-19T04:00:00Z', 'o': 38.43, 'h': 39.465, 'l': 38.38, 'c': 39.36, 'v': 4802533, 'n': 42971, 'vw': 39.14197}"
MPLX,"{'t': '2023-09-19T04:00:00Z', 'o': 34.87, 'h': 35, 'l': 34.72, 'c': 34.95, 'v': 1350694, 'n': 10718, 'vw': 34.895275}"
MS,"{'t': '2023-09-19T04:00:00Z', 'o': 88.78, 'h': 89.47, 'l': 87.94, 'c': 88.51, 'v': 5769369, 'n': 63697, 'vw': 88.527966}"
MTDR,"{'t': '2023-09-19T04:00:00Z', 'o': 62.08, 'h': 62.35, 'l': 59.57, 'c': 60.3, 'v': 1307126, 'n': 19154, 'vw': 60.342465}"
MTW,"{'t': '2023-09-19T04:00:00Z', 'o': 15.15, 'h': 15.35, 'l': 14.98, 'c': 15.22, 'v': 153450, 'n': 3217, 'vw': 15.1721}"
MU,"{'t': '2023-09-19T04:00:00Z', 'o': 70.62, 'h': 71.06, 'l': 69.97, 'c': 70.71, 'v': 10400203, 'n': 97329, 'vw': 70.525756}"
MTCH,"{'t': '2023-09-19T04:00:00Z', 'o': 42.54, 'h': 42.8685, 'l': 42.025, 'c': 42.42, 'v': 3381420, 'n': 46399, 'vw': 42.444422}"
MTZ,"{'t': '2023-09-19T04:00:00Z', 'o': 83.86, 'h': 84.405, 'l': 82.3, 'c': 83.27, 'v': 564789, 'n': 9504, 'vw': 83.267076}"
MXL,"{'t': '2023-09-19T04:00:00Z', 'o': 21.62, 'h': 21.7, 'l': 21.165, 'c': 21.63, 'v': 705544, 'n': 11902, 'vw': 21.538898}"
MYGN,"{'t': '2023-09-19T04:00:00Z', 'o': 17.02, 'h': 17.41, 'l': 16.6078, 'c': 17.36, 'v': 788345, 'n': 9981, 'vw': 17.201296}"
NAT,"{'t': '2023-09-19T04:00:00Z', 'o': 3.99, 'h': 4.04, 'l': 3.92, 'c': 3.93, 'v': 3027181, 'n': 10456, 'vw': 3.979716}"
NDAQ,"{'t': '2023-09-19T04:00:00Z', 'o': 51, 'h': 51.375, 'l': 50.76, 'c': 50.93, 'v': 2446577, 'n': 23616, 'vw': 50.952769}"
NCR,"{'t': '2023-09-19T04:00:00Z', 'o': 26.67, 'h': 27.31, 'l': 26.6271, 'c': 27.26, 'v': 989689, 'n': 13897, 'vw': 27.11307}"
MUR,"{'t': '2023-09-19T04:00:00Z', 'o': 46.01, 'h': 46.16, 'l': 44.79, 'c': 45.24, 'v': 1231679, 'n': 15344, 'vw': 45.213402}"
NAVI,"{'t': '2023-09-19T04:00:00Z', 'o': 17.2, 'h': 17.27, 'l': 17.06, 'c': 17.11, 'v': 984143, 'n': 11730, 'vw': 17.132218}"
NCLH,"{'t': '2023-09-19T04:00:00Z', 'o': 17.16, 'h': 17.47, 'l': 17.11, 'c': 17.34, 'v': 11874163, 'n': 60566, 'vw': 17.276029}"
NEM,"{'t': '2023-09-19T04:00:00Z', 'o': 40.54, 'h': 40.58, 'l': 39.88, 'c': 40.29, 'v': 10531405, 'n': 54170, 'vw': 40.260634}"
NKE,"{'t': '2023-09-19T04:00:00Z', 'o': 95.04, 'h': 95.49, 'l': 94.41, 'c': 94.62, 'v': 9390096, 'n': 96764, 'vw': 94.753714}"
NEE,"{'t': '2023-09-19T04:00:00Z', 'o': 68.05, 'h': 68.16, 'l': 67.345, 'c': 67.59, 'v': 8215771, 'n': 67765, 'vw': 67.668222}"
NFG,"{'t': '2023-09-19T04:00:00Z', 'o': 54.98, 'h': 55.0278, 'l': 53.64, 'c': 53.66, 'v': 527876, 'n': 11065, 'vw': 54.00298}"
NGL,"{'t': '2023-09-19T04:00:00Z', 'o': 3.81, 'h': 3.91, 'l': 3.81, 'c': 3.82, 'v': 165724, 'n': 1182, 'vw': 3.861965}"
NKTR,"{'t': '2023-09-19T04:00:00Z', 'o': 0.6775, 'h': 0.6881, 'l': 0.65, 'c': 0.6779, 'v': 496014, 'n': 2274, 'vw': 0.66843}"
NNN,"{'t': '2023-09-19T04:00:00Z', 'o': 38.09, 'h': 38.4, 'l': 38.03, 'c': 38.19, 'v': 1196445, 'n': 13442, 'vw': 38.230015}"
NE,"{'t': '2023-09-19T04:00:00Z', 'o': 53.44, 'h': 53.74, 'l': 51.19, 'c': 51.37, 'v': 907568, 'n': 13576, 'vw': 51.702073}"
NTCT,"{'t': '2023-09-19T04:00:00Z', 'o': 28.11, 'h': 28.22, 'l': 27.94, 'c': 28.03, 'v': 260527, 'n': 5479, 'vw': 28.061505}"
NTRS,"{'t': '2023-09-19T04:00:00Z', 'o': 71.6, 'h': 72.11, 'l': 70.39, 'c': 70.45, 'v': 949448, 'n': 20156, 'vw': 70.858591}"
NOV,"{'t': '2023-09-19T04:00:00Z', 'o': 21.17, 'h': 21.21, 'l': 20.28, 'c': 20.41, 'v': 3340796, 'n': 28140, 'vw': 20.527987}"
NTAP,"{'t': '2023-09-19T04:00:00Z', 'o': 76.08, 'h': 76.71, 'l': 75.78, 'c': 76.04, 'v': 1483770, 'n': 23435, 'vw': 76.097056}"
NUS,"{'t': '2023-09-19T04:00:00Z', 'o': 23.64, 'h': 24.1, 'l': 23.53, 'c': 23.73, 'v': 459340, 'n': 9143, 'vw': 23.836098}"
NRG,"{'t': '2023-09-19T04:00:00Z', 'o': 39.79, 'h': 40.12, 'l': 39.16, 'c': 39.19, 'v': 1591285, 'n': 18231, 'vw': 39.453896}"
O,"{'t': '2023-09-19T04:00:00Z', 'o': 53.7, 'h': 54.25, 'l': 53.68, 'c': 54, 'v': 4395544, 'n': 66261, 'vw': 54.004557}"
NVAX,"{'t': '2023-09-19T04:00:00Z', 'o': 7.41, 'h': 7.75, 'l': 7.36, 'c': 7.68, 'v': 10589866, 'n': 44444, 'vw': 7.574072}"
NWL,"{'t': '2023-09-19T04:00:00Z', 'o': 9.52, 'h': 9.79, 'l': 9.48, 'c': 9.64, 'v': 5897871, 'n': 29179, 'vw': 9.606359}"
NWSA,"{'t': '2023-09-19T04:00:00Z', 'o': 19.91, 'h': 20.02, 'l': 19.865, 'c': 19.95, 'v': 2421876, 'n': 22738, 'vw': 19.937339}"
OGE,"{'t': '2023-09-19T04:00:00Z', 'o': 36.01, 'h': 36.21, 'l': 35.59, 'c': 35.6, 'v': 878136, 'n': 16576, 'vw': 35.784455}"
OI,"{'t': '2023-09-19T04:00:00Z', 'o': 18.05, 'h': 18.24, 'l': 17.93, 'c': 18.22, 'v': 2014427, 'n': 18252, 'vw': 18.096939}"
OKE,"{'t': '2023-09-19T04:00:00Z', 'o': 68.65, 'h': 68.65, 'l': 67.12, 'c': 67.78, 'v': 4403288, 'n': 59716, 'vw': 67.694909}"
OLN,"{'t': '2023-09-19T04:00:00Z', 'o': 49.81, 'h': 50.2, 'l': 48.87, 'c': 49.4, 'v': 1467773, 'n': 21938, 'vw': 49.360971}"
OMER,"{'t': '2023-09-19T04:00:00Z', 'o': 3.05, 'h': 3.1, 'l': 2.9775, 'c': 3.09, 'v': 243334, 'n': 2772, 'vw': 3.041751}"
OHI,"{'t': '2023-09-19T04:00:00Z', 'o': 33.01, 'h': 33.19, 'l': 32.91, 'c': 33.05, 'v': 1645158, 'n': 15132, 'vw': 33.056086}"
OII,"{'t': '2023-09-19T04:00:00Z', 'o': 25.11, 'h': 25.17, 'l': 23.74, 'c': 23.83, 'v': 820616, 'n': 11789, 'vw': 24.031198}"
OIS,"{'t': '2023-09-19T04:00:00Z', 'o': 8.7, 'h': 8.74, 'l': 8.2789, 'c': 8.33, 'v': 633192, 'n': 6766, 'vw': 8.411848}"
OMC,"{'t': '2023-09-19T04:00:00Z', 'o': 77.39, 'h': 77.935, 'l': 76.7, 'c': 76.77, 'v': 1100175, 'n': 23728, 'vw': 76.941927}"
PAA,"{'t': '2023-09-19T04:00:00Z', 'o': 15.36, 'h': 15.47, 'l': 15.31, 'c': 15.44, 'v': 3758573, 'n': 18348, 'vw': 15.423395}"
PACW,"{'t': '2023-09-19T04:00:00Z', 'o': 7.94, 'h': 8.03, 'l': 7.83, 'c': 7.87, 'v': 1609274, 'n': 11137, 'vw': 7.893934}"
OPK,"{'t': '2023-09-19T04:00:00Z', 'o': 1.63, 'h': 1.67, 'l': 1.62, 'c': 1.66, 'v': 1879902, 'n': 6015, 'vw': 1.654965}"
OXY,"{'t': '2023-09-19T04:00:00Z', 'o': 67.19, 'h': 67.21, 'l': 65.38, 'c': 65.81, 'v': 8154374, 'n': 71554, 'vw': 65.941716}"
OUT,"{'t': '2023-09-19T04:00:00Z', 'o': 10.41, 'h': 10.65, 'l': 10.34, 'c': 10.61, 'v': 2937382, 'n': 14399, 'vw': 10.565992}"
PACB,"{'t': '2023-09-19T04:00:00Z', 'o': 9.57, 'h': 9.58, 'l': 9.155, 'c': 9.42, 'v': 5805710, 'n': 41878, 'vw': 9.361523}"
OMF,"{'t': '2023-09-19T04:00:00Z', 'o': 40.55, 'h': 40.86, 'l': 40.385, 'c': 40.6, 'v': 479319, 'n': 8348, 'vw': 40.65201}"
OSK,"{'t': '2023-09-19T04:00:00Z', 'o': 98.4, 'h': 99.4, 'l': 98.23, 'c': 98.24, 'v': 453373, 'n': 9754, 'vw': 98.54298}"
PCG,"{'t': '2023-09-19T04:00:00Z', 'o': 17.35, 'h': 17.49, 'l': 17.31, 'c': 17.41, 'v': 15392603, 'n': 48205, 'vw': 17.418254}"
PAGP,"{'t': '2023-09-19T04:00:00Z', 'o': 16.15, 'h': 16.25, 'l': 16.095, 'c': 16.21, 'v': 1308520, 'n': 8624, 'vw': 16.188056}"
PAY,"{'t': '2023-09-19T04:00:00Z', 'o': 15.74, 'h': 15.95, 'l': 15.64, 'c': 15.93, 'v': 127011, 'n': 1345, 'vw': 15.798948}"
PBI,"{'t': '2023-09-19T04:00:00Z', 'o': 3.14, 'h': 3.205, 'l': 3.14, 'c': 3.16, 'v': 752475, 'n': 4569, 'vw': 3.170274}"
PBYI,"{'t': '2023-09-19T04:00:00Z', 'o': 2.97, 'h': 3.07, 'l': 2.95, 'c': 2.98, 'v': 86951, 'n': 927, 'vw': 2.989733}"
PBF,"{'t': '2023-09-19T04:00:00Z', 'o': 54.65, 'h': 54.82, 'l': 52.365, 'c': 53.05, 'v': 2283705, 'n': 28181, 'vw': 53.078094}"
PCAR,"{'t': '2023-09-19T04:00:00Z', 'o': 86.29, 'h': 86.8, 'l': 84.58, 'c': 85.17, 'v': 1878335, 'n': 32314, 'vw': 85.323527}"
PCRX,"{'t': '2023-09-19T04:00:00Z', 'o': 32.9, 'h': 33.58, 'l': 32.69, 'c': 33.43, 'v': 294315, 'n': 5887, 'vw': 33.335964}"
PEB,"{'t': '2023-09-19T04:00:00Z', 'o': 14.42, 'h': 14.45, 'l': 14.2, 'c': 14.27, 'v': 1053032, 'n': 13546, 'vw': 14.301811}"
PENN,"{'t': '2023-09-19T04:00:00Z', 'o': 23.48, 'h': 24.35, 'l': 22.785, 'c': 23.75, 'v': 6490698, 'n': 58764, 'vw': 23.693574}"
PDCO,"{'t': '2023-09-19T04:00:00Z', 'o': 28.28, 'h': 29.115, 'l': 28.25, 'c': 29.05, 'v': 1001295, 'n': 12676, 'vw': 28.849762}"
PEG,"{'t': '2023-09-19T04:00:00Z', 'o': 61.21, 'h': 61.64, 'l': 60.62, 'c': 60.62, 'v': 3164217, 'n': 25911, 'vw': 60.731821}"
PFE,"{'t': '2023-09-19T04:00:00Z', 'o': 33.55, 'h': 34.01, 'l': 33.515, 'c': 33.99, 'v': 30323329, 'n': 127857, 'vw': 33.777034}"
PFG,"{'t': '2023-09-19T04:00:00Z', 'o': 76.85, 'h': 77.47, 'l': 76.71, 'c': 77.28, 'v': 692403, 'n': 14938, 'vw': 77.185975}"
PMT,"{'t': '2023-09-19T04:00:00Z', 'o': 13.07, 'h': 13.245, 'l': 13.06, 'c': 13.13, 'v': 496672, 'n': 5068, 'vw': 13.140464}"
PM,"{'t': '2023-09-19T04:00:00Z', 'o': 96.99, 'h': 97.67, 'l': 96.65, 'c': 97.32, 'v': 3723516, 'n': 43460, 'vw': 97.209511}"
PHM,"{'t': '2023-09-19T04:00:00Z', 'o': 76.53, 'h': 77.57, 'l': 75.81, 'c': 77.14, 'v': 2135401, 'n': 36968, 'vw': 76.953706}"
PNR,"{'t': '2023-09-19T04:00:00Z', 'o': 66.9, 'h': 67.44, 'l': 65.825, 'c': 66.44, 'v': 789008, 'n': 16169, 'vw': 66.417789}"
PHG,"{'t': '2023-09-19T04:00:00Z', 'o': 21.3, 'h': 21.375, 'l': 21.23, 'c': 21.34, 'v': 612676, 'n': 5677, 'vw': 21.31837}"
PPL,"{'t': '2023-09-19T04:00:00Z', 'o': 25.72, 'h': 25.87, 'l': 25.5, 'c': 25.51, 'v': 3484269, 'n': 29416, 'vw': 25.585385}"
PRU,"{'t': '2023-09-19T04:00:00Z', 'o': 99.21, 'h': 99.73, 'l': 98.5301, 'c': 98.92, 'v': 1243485, 'n': 23253, 'vw': 99.090874}"
PNW,"{'t': '2023-09-19T04:00:00Z', 'o': 79.27, 'h': 79.47, 'l': 78.91, 'c': 78.93, 'v': 523082, 'n': 11498, 'vw': 79.112321}"
PPC,"{'t': '2023-09-19T04:00:00Z', 'o': 24.4, 'h': 24.4, 'l': 23.98, 'c': 24.01, 'v': 613870, 'n': 12926, 'vw': 24.110149}"
PRAA,"{'t': '2023-09-19T04:00:00Z', 'o': 20.78, 'h': 21.109, 'l': 20.67, 'c': 20.98, 'v': 268150, 'n': 4776, 'vw': 20.899071}"
PRGO,"{'t': '2023-09-19T04:00:00Z', 'o': 33.97, 'h': 33.97, 'l': 33.41, 'c': 33.54, 'v': 812560, 'n': 12411, 'vw': 33.629503}"
POR,"{'t': '2023-09-19T04:00:00Z', 'o': 44.27, 'h': 44.455, 'l': 43.79, 'c': 43.8, 'v': 963379, 'n': 9025, 'vw': 43.906735}"
POST,"{'t': '2023-09-19T04:00:00Z', 'o': 88.06, 'h': 88.47, 'l': 87.63, 'c': 87.65, 'v': 342627, 'n': 7000, 'vw': 87.82118}"
PYPL,"{'t': '2023-09-19T04:00:00Z', 'o': 62.1, 'h': 62.42, 'l': 61.4518, 'c': 62.19, 'v': 11446549, 'n': 112009, 'vw': 61.986688}"
PX,"{'t': '2023-09-19T04:00:00Z', 'o': 11.3, 'h': 11.32, 'l': 11.11, 'c': 11.25, 'v': 140521, 'n': 2014, 'vw': 11.22319}"
PTEN,"{'t': '2023-09-19T04:00:00Z', 'o': 15.81, 'h': 15.93, 'l': 15.04, 'c': 15.15, 'v': 6589363, 'n': 41989, 'vw': 15.287188}"
PVH,"{'t': '2023-09-19T04:00:00Z', 'o': 77.04, 'h': 78.16, 'l': 76.13, 'c': 77.89, 'v': 900909, 'n': 16232, 'vw': 77.481955}"
PSTG,"{'t': '2023-09-19T04:00:00Z', 'o': 35.83, 'h': 36.205, 'l': 35.81, 'c': 35.98, 'v': 2594186, 'n': 25112, 'vw': 35.995158}"
PTCT,"{'t': '2023-09-19T04:00:00Z', 'o': 23.61, 'h': 25.7, 'l': 23.565, 'c': 25.68, 'v': 1893151, 'n': 25283, 'vw': 25.023962}"
QGEN,"{'t': '2023-09-19T04:00:00Z', 'o': 40.43, 'h': 40.53, 'l': 39.92, 'c': 40.11, 'v': 1349881, 'n': 16206, 'vw': 40.170216}"
QRVO,"{'t': '2023-09-19T04:00:00Z', 'o': 96.9, 'h': 96.9, 'l': 95.5244, 'c': 95.65, 'v': 722003, 'n': 18068, 'vw': 95.769921}"
QSR,"{'t': '2023-09-19T04:00:00Z', 'o': 69.08, 'h': 69.59, 'l': 67.85, 'c': 68.54, 'v': 3571185, 'n': 18139, 'vw': 68.667545}"
RCL,"{'t': '2023-09-19T04:00:00Z', 'o': 98.23, 'h': 98.9799, 'l': 97.34, 'c': 98.32, 'v': 2991799, 'n': 42861, 'vw': 98.17042}"
RDN,"{'t': '2023-09-19T04:00:00Z', 'o': 26.65, 'h': 26.8, 'l': 26.22, 'c': 26.29, 'v': 863093, 'n': 12604, 'vw': 26.361404}"
RDUS,"{'t': '2023-09-19T04:00:00Z', 'o': 28.53, 'h': 29.125, 'l': 27.99, 'c': 28.25, 'v': 141147, 'n': 3380, 'vw': 28.21799}"
RIO,"{'t': '2023-09-19T04:00:00Z', 'o': 65.97, 'h': 66.19, 'l': 65.21, 'c': 65.41, 'v': 3330636, 'n': 38146, 'vw': 65.483474}"
RES,"{'t': '2023-09-19T04:00:00Z', 'o': 8.98, 'h': 9.08, 'l': 8.8, 'c': 8.83, 'v': 1292628, 'n': 11720, 'vw': 8.898731}"
RIG,"{'t': '2023-09-19T04:00:00Z', 'o': 8.5, 'h': 8.53, 'l': 8.015, 'c': 8.07, 'v': 16154635, 'n': 50073, 'vw': 8.148213}"
RLJ,"{'t': '2023-09-19T04:00:00Z', 'o': 9.93, 'h': 9.955, 'l': 9.86, 'c': 9.88, 'v': 2487347, 'n': 12014, 'vw': 9.908993}"
RGC,"{'t': '2023-09-19T04:00:00Z', 'o': 12, 'h': 12.4, 'l': 12, 'c': 12.4, 'v': 837, 'n': 21, 'vw': 12.205736}"
RHI,"{'t': '2023-09-19T04:00:00Z', 'o': 74.05, 'h': 75.06, 'l': 73.53, 'c': 74.9, 'v': 709789, 'n': 12673, 'vw': 74.696406}"
RUN,"{'t': '2023-09-19T04:00:00Z', 'o': 14, 'h': 14.73, 'l': 13.93, 'c': 14.4, 'v': 6066956, 'n': 53242, 'vw': 14.420317}"
SABR,"{'t': '2023-09-19T04:00:00Z', 'o': 4.46, 'h': 4.5281, 'l': 4.37, 'c': 4.43, 'v': 3937299, 'n': 14368, 'vw': 4.433309}"
ROKU,"{'t': '2023-09-19T04:00:00Z', 'o': 74.09, 'h': 74.6508, 'l': 71.96, 'c': 73.81, 'v': 6020816, 'n': 73972, 'vw': 73.41729}"
RRC,"{'t': '2023-09-19T04:00:00Z', 'o': 31.86, 'h': 31.88, 'l': 31.28, 'c': 31.4, 'v': 1844000, 'n': 18396, 'vw': 31.498355}"
RY,"{'t': '2023-09-19T04:00:00Z', 'o': 91.83, 'h': 91.87, 'l': 90.76, 'c': 91.05, 'v': 441465, 'n': 6646, 'vw': 91.096311}"
RPM,"{'t': '2023-09-19T04:00:00Z', 'o': 95.14, 'h': 95.71, 'l': 94.76, 'c': 95.42, 'v': 452666, 'n': 9784, 'vw': 95.32398}"
SCCO,"{'t': '2023-09-19T04:00:00Z', 'o': 79.6, 'h': 79.92, 'l': 77.89, 'c': 78.5, 'v': 762703, 'n': 13379, 'vw': 78.472654}"
SBH,"{'t': '2023-09-19T04:00:00Z', 'o': 8.86, 'h': 9.02, 'l': 8.56, 'c': 8.59, 'v': 3957473, 'n': 21822, 'vw': 8.717535}"
SBGI,"{'t': '2023-09-19T04:00:00Z', 'o': 11.95, 'h': 12.15, 'l': 11.465, 'c': 11.56, 'v': 514894, 'n': 8923, 'vw': 11.657121}"
SBUX,"{'t': '2023-09-19T04:00:00Z', 'o': 95.21, 'h': 95.47, 'l': 94.27, 'c': 95.29, 'v': 6803740, 'n': 105751, 'vw': 94.911599}"
SCHW,"{'t': '2023-09-19T04:00:00Z', 'o': 57.84, 'h': 58.2, 'l': 57.39, 'c': 57.73, 'v': 7314305, 'n': 60134, 'vw': 57.705145}"
SCI,"{'t': '2023-09-19T04:00:00Z', 'o': 60.74, 'h': 60.765, 'l': 60.25, 'c': 60.31, 'v': 872811, 'n': 13885, 'vw': 60.405738}"
SANM,"{'t': '2023-09-19T04:00:00Z', 'o': 52.34, 'h': 53.14, 'l': 52.34, 'c': 53.01, 'v': 278390, 'n': 5978, 'vw': 52.958265}"
SAVE,"{'t': '2023-09-19T04:00:00Z', 'o': 16.03, 'h': 16.065, 'l': 14.95, 'c': 15.06, 'v': 3417762, 'n': 24380, 'vw': 15.329615}"
SFM,"{'t': '2023-09-19T04:00:00Z', 'o': 40.74, 'h': 40.93, 'l': 40.27, 'c': 40.53, 'v': 1041789, 'n': 18045, 'vw': 40.520475}"
SGMO,"{'t': '2023-09-19T04:00:00Z', 'o': 0.8701, 'h': 0.9, 'l': 0.83, 'c': 0.8456, 'v': 650403, 'n': 3524, 'vw': 0.85371}"
SEAS,"{'t': '2023-09-19T04:00:00Z', 'o': 47.75, 'h': 48.42, 'l': 47.52, 'c': 47.72, 'v': 627085, 'n': 9973, 'vw': 47.901438}"
SEM,"{'t': '2023-09-19T04:00:00Z', 'o': 26.19, 'h': 26.36, 'l': 25.99, 'c': 26.06, 'v': 422979, 'n': 6349, 'vw': 26.107276}"
SFL,"{'t': '2023-09-19T04:00:00Z', 'o': 10.93, 'h': 11.06, 'l': 10.78, 'c': 10.78, 'v': 537840, 'n': 6982, 'vw': 10.838744}"
SEE,"{'t': '2023-09-19T04:00:00Z', 'o': 34.3, 'h': 34.43, 'l': 33.68, 'c': 33.73, 'v': 1315716, 'n': 15993, 'vw': 33.820916}"
SEIC,"{'t': '2023-09-19T04:00:00Z', 'o': 61.54, 'h': 61.79, 'l': 61.14, 'c': 61.43, 'v': 504846, 'n': 9596, 'vw': 61.376537}"
SE,"{'t': '2023-09-19T04:00:00Z', 'o': 38, 'h': 38.68, 'l': 37.5294, 'c': 38.38, 'v': 5366864, 'n': 45147, 'vw': 38.236745}"
SLCA,"{'t': '2023-09-19T04:00:00Z', 'o': 14.28, 'h': 14.33, 'l': 13.865, 'c': 13.88, 'v': 594841, 'n': 9095, 'vw': 14.018528}"
SLG,"{'t': '2023-09-19T04:00:00Z', 'o': 40.83, 'h': 42.075, 'l': 40.55, 'c': 40.94, 'v': 1460547, 'n': 21093, 'vw': 41.4909}"
SM,"{'t': '2023-09-19T04:00:00Z', 'o': 40.03, 'h': 40.1883, 'l': 39.1, 'c': 39.29, 'v': 1445693, 'n': 18961, 'vw': 39.37406}"
SIG,"{'t': '2023-09-19T04:00:00Z', 'o': 76.61, 'h': 77.02, 'l': 74.48, 'c': 75.02, 'v': 664747, 'n': 13584, 'vw': 75.341298}"
SKX,"{'t': '2023-09-19T04:00:00Z', 'o': 46.91, 'h': 48.17, 'l': 46.91, 'c': 47.84, 'v': 1823424, 'n': 25126, 'vw': 47.738764}"
SLB,"{'t': '2023-09-19T04:00:00Z', 'o': 61.7, 'h': 61.7, 'l': 59.825, 'c': 60.43, 'v': 9068715, 'n': 72606, 'vw': 60.589318}"
SKT,"{'t': '2023-09-19T04:00:00Z', 'o': 23.22, 'h': 23.345, 'l': 23.015, 'c': 23.16, 'v': 662005, 'n': 7528, 'vw': 23.194748}"
SQ,"{'t': '2023-09-19T04:00:00Z', 'o': 49.94, 'h': 50.63, 'l': 49.37, 'c': 49.8, 'v': 17981673, 'n': 151799, 'vw': 49.87579}"
SRCL,"{'t': '2023-09-19T04:00:00Z', 'o': 45.14, 'h': 45.59, 'l': 44.65, 'c': 45.28, 'v': 1106681, 'n': 9488, 'vw': 45.205332}"
SNV,"{'t': '2023-09-19T04:00:00Z', 'o': 29.6, 'h': 29.8599, 'l': 29.055, 'c': 29.2, 'v': 1671371, 'n': 18313, 'vw': 29.278396}"
SPWR,"{'t': '2023-09-19T04:00:00Z', 'o': 6.78, 'h': 7.18, 'l': 6.74, 'c': 6.95, 'v': 3014517, 'n': 24974, 'vw': 7.005211}"
SPXC,"{'t': '2023-09-19T04:00:00Z', 'o': 80.37, 'h': 82.1, 'l': 80.08, 'c': 80.92, 'v': 235798, 'n': 6853, 'vw': 81.14412}"
SNY,"{'t': '2023-09-19T04:00:00Z', 'o': 54.24, 'h': 54.87, 'l': 54.14, 'c': 54.87, 'v': 1324554, 'n': 15863, 'vw': 54.552039}"
SO,"{'t': '2023-09-19T04:00:00Z', 'o': 70.99, 'h': 71.24, 'l': 70.59, 'c': 70.91, 'v': 3961451, 'n': 38549, 'vw': 70.955006}"
SPR,"{'t': '2023-09-19T04:00:00Z', 'o': 15.82, 'h': 16.0591, 'l': 15.36, 'c': 15.48, 'v': 3676561, 'n': 24778, 'vw': 15.57329}"
STT,"{'t': '2023-09-19T04:00:00Z', 'o': 71.31, 'h': 71.65, 'l': 70.18, 'c': 70.55, 'v': 1835173, 'n': 25738, 'vw': 70.567513}"
STWD,"{'t': '2023-09-19T04:00:00Z', 'o': 20.96, 'h': 21.09, 'l': 20.92, 'c': 20.98, 'v': 1487346, 'n': 14255, 'vw': 20.986202}"
SRE,"{'t': '2023-09-19T04:00:00Z', 'o': 73.52, 'h': 74.13, 'l': 73.3825, 'c': 73.52, 'v': 2666050, 'n': 35595, 'vw': 73.622048}"
SSNC,"{'t': '2023-09-19T04:00:00Z', 'o': 55.43, 'h': 55.57, 'l': 54.92, 'c': 55.32, 'v': 900244, 'n': 14495, 'vw': 55.240586}"
STLD,"{'t': '2023-09-19T04:00:00Z', 'o': 98.03, 'h': 100.38, 'l': 98.03, 'c': 99.29, 'v': 1383305, 'n': 28958, 'vw': 99.328752}"
STR,"{'t': '2023-09-19T04:00:00Z', 'o': 25.72, 'h': 26.075, 'l': 25.16, 'c': 25.16, 'v': 492802, 'n': 7413, 'vw': 25.417474}"
ST,"{'t': '2023-09-19T04:00:00Z', 'o': 38.07, 'h': 38.19, 'l': 37.605, 'c': 37.75, 'v': 1728909, 'n': 20768, 'vw': 37.799587}"
SSYS,"{'t': '2023-09-19T04:00:00Z', 'o': 12.34, 'h': 12.88, 'l': 12.34, 'c': 12.52, 'v': 1291861, 'n': 11858, 'vw': 12.600968}"
SYF,"{'t': '2023-09-19T04:00:00Z', 'o': 32.22, 'h': 32.51, 'l': 32.085, 'c': 32.37, 'v': 2456343, 'n': 23831, 'vw': 32.326874}"
SYY,"{'t': '2023-09-19T04:00:00Z', 'o': 70.83, 'h': 71.26, 'l': 70.39, 'c': 70.51, 'v': 1754569, 'n': 24948, 'vw': 70.621459}"
STX,"{'t': '2023-09-19T04:00:00Z', 'o': 64.11, 'h': 65.47, 'l': 64.02, 'c': 64.87, 'v': 2535547, 'n': 30326, 'vw': 64.986694}"
SUPN,"{'t': '2023-09-19T04:00:00Z', 'o': 28.32, 'h': 28.57, 'l': 28.0908, 'c': 28.44, 'v': 368842, 'n': 7100, 'vw': 28.398432}"
SWK,"{'t': '2023-09-19T04:00:00Z', 'o': 86.83, 'h': 87.48, 'l': 85.77, 'c': 87.35, 'v': 1178940, 'n': 21676, 'vw': 86.953725}"
SYT,"{'t': '2023-09-19T04:00:00Z', 'o': 6.4, 'h': 6.4, 'l': 6.4, 'c': 6.4, 'v': 0, 'n': 0, 'vw': 0}"
SU,"{'t': '2023-09-19T04:00:00Z', 'o': 35.37, 'h': 35.51, 'l': 34.635, 'c': 34.81, 'v': 3510950, 'n': 28328, 'vw': 34.938218}"
SWKS,"{'t': '2023-09-19T04:00:00Z', 'o': 98.5, 'h': 98.61, 'l': 97.54, 'c': 97.82, 'v': 1347451, 'n': 22458, 'vw': 97.887807}"
SWN,"{'t': '2023-09-19T04:00:00Z', 'o': 6.4, 'h': 6.455, 'l': 6.24, 'c': 6.28, 'v': 19760740, 'n': 44620, 'vw': 6.30625}"
TDC,"{'t': '2023-09-19T04:00:00Z', 'o': 44.87, 'h': 45.24, 'l': 44.565, 'c': 44.93, 'v': 819745, 'n': 14620, 'vw': 44.935807}"
TDW,"{'t': '2023-09-19T04:00:00Z', 'o': 68.52, 'h': 68.89, 'l': 65.39, 'c': 65.53, 'v': 1191626, 'n': 15160, 'vw': 66.15198}"
TEVA,"{'t': '2023-09-19T04:00:00Z', 'o': 10.54, 'h': 10.565, 'l': 10.26, 'c': 10.29, 'v': 7997422, 'n': 30635, 'vw': 10.406769}"
TAP,"{'t': '2023-09-19T04:00:00Z', 'o': 64.48, 'h': 64.79, 'l': 63.75, 'c': 63.85, 'v': 1050090, 'n': 17094, 'vw': 63.977972}"
TD,"{'t': '2023-09-19T04:00:00Z', 'o': 62.55, 'h': 62.55, 'l': 61.56, 'c': 61.69, 'v': 1187391, 'n': 14015, 'vw': 61.90358}"
TER,"{'t': '2023-09-19T04:00:00Z', 'o': 96.67, 'h': 98.12, 'l': 96.11, 'c': 97.79, 'v': 2014263, 'n': 31290, 'vw': 97.529896}"
TEX,"{'t': '2023-09-19T04:00:00Z', 'o': 59.34, 'h': 60.07, 'l': 58.35, 'c': 58.54, 'v': 558352, 'n': 9392, 'vw': 58.775169}"
T,"{'t': '2023-09-19T04:00:00Z', 'o': 15.06, 'h': 15.245, 'l': 15.045, 'c': 15.21, 'v': 33196722, 'n': 95947, 'vw': 15.167079}"
TJX,"{'t': '2023-09-19T04:00:00Z', 'o': 91.81, 'h': 92.11, 'l': 90.47, 'c': 91, 'v': 6972559, 'n': 77429, 'vw': 90.980559}"
TKR,"{'t': '2023-09-19T04:00:00Z', 'o': 73.7, 'h': 74.37, 'l': 73.55, 'c': 73.61, 'v': 460757, 'n': 12161, 'vw': 73.758637}"
TMST,"{'t': '2023-09-19T04:00:00Z', 'o': 21.36, 'h': 21.615, 'l': 21.185, 'c': 21.19, 'v': 145396, 'n': 3689, 'vw': 21.270967}"
TGI,"{'t': '2023-09-19T04:00:00Z', 'o': 8.19, 'h': 8.51, 'l': 8.08, 'c': 8.1, 'v': 1098090, 'n': 8488, 'vw': 8.176001}"
TGNA,"{'t': '2023-09-19T04:00:00Z', 'o': 15.49, 'h': 15.64, 'l': 15.12, 'c': 15.14, 'v': 2909154, 'n': 16253, 'vw': 15.196293}"
THC,"{'t': '2023-09-19T04:00:00Z', 'o': 69.8, 'h': 70.2, 'l': 69.37, 'c': 69.99, 'v': 825458, 'n': 17821, 'vw': 69.825447}"
THS,"{'t': '2023-09-19T04:00:00Z', 'o': 47.78, 'h': 48.05, 'l': 46.34, 'c': 46.53, 'v': 579498, 'n': 8880, 'vw': 46.687163}"
TK,"{'t': '2023-09-19T04:00:00Z', 'o': 5.94, 'h': 5.965, 'l': 5.8244, 'c': 5.85, 'v': 438123, 'n': 3832, 'vw': 5.869818}"
TOL,"{'t': '2023-09-19T04:00:00Z', 'o': 77.56, 'h': 78.26, 'l': 76.715, 'c': 77.99, 'v': 1278131, 'n': 23667, 'vw': 77.645947}"
TPH,"{'t': '2023-09-19T04:00:00Z', 'o': 28.76, 'h': 29.13, 'l': 28.63, 'c': 28.95, 'v': 527171, 'n': 9063, 'vw': 28.926519}"
TRIP,"{'t': '2023-09-19T04:00:00Z', 'o': 16.16, 'h': 16.42, 'l': 16.14, 'c': 16.28, 'v': 2548939, 'n': 24142, 'vw': 16.26182}"
TRMB,"{'t': '2023-09-19T04:00:00Z', 'o': 52.2, 'h': 52.57, 'l': 51.73, 'c': 52.31, 'v': 1019595, 'n': 14148, 'vw': 52.216277}"
TRN,"{'t': '2023-09-19T04:00:00Z', 'o': 24.11, 'h': 24.76, 'l': 24.11, 'c': 24.6, 'v': 468237, 'n': 6822, 'vw': 24.537534}"
TPX,"{'t': '2023-09-19T04:00:00Z', 'o': 44.61, 'h': 44.86, 'l': 44.01, 'c': 44.79, 'v': 1568166, 'n': 17372, 'vw': 44.559674}"
TRGP,"{'t': '2023-09-19T04:00:00Z', 'o': 86.4, 'h': 86.67, 'l': 84.62, 'c': 85.15, 'v': 1168414, 'n': 22353, 'vw': 85.369365}"
TRP,"{'t': '2023-09-19T04:00:00Z', 'o': 37.67, 'h': 37.745, 'l': 37.08, 'c': 37.22, 'v': 1381108, 'n': 11730, 'vw': 37.295251}"
TRUE,"{'t': '2023-09-19T04:00:00Z', 'o': 2.35, 'h': 2.49, 'l': 2.35, 'c': 2.4, 'v': 206179, 'n': 1664, 'vw': 2.419028}"
TSN,"{'t': '2023-09-19T04:00:00Z', 'o': 53.94, 'h': 54.09, 'l': 53.71, 'c': 53.82, 'v': 1878224, 'n': 20784, 'vw': 53.858873}"
TV,"{'t': '2023-09-19T04:00:00Z', 'o': 3.36, 'h': 3.42, 'l': 3.33, 'c': 3.41, 'v': 1930613, 'n': 8031, 'vw': 3.393619}"
TSM,"{'t': '2023-09-19T04:00:00Z', 'o': 88.45, 'h': 88.84, 'l': 87.79, 'c': 88.17, 'v': 7175404, 'n': 95937, 'vw': 88.180334}"
TS,"{'t': '2023-09-19T04:00:00Z', 'o': 32.99, 'h': 33.02, 'l': 32.01, 'c': 32.16, 'v': 1941090, 'n': 19896, 'vw': 32.342617}"
UDR,"{'t': '2023-09-19T04:00:00Z', 'o': 37.85, 'h': 38.055, 'l': 37.72, 'c': 37.83, 'v': 1644893, 'n': 14533, 'vw': 37.841894}"
UGI,"{'t': '2023-09-19T04:00:00Z', 'o': 24.38, 'h': 24.585, 'l': 24.26, 'c': 24.27, 'v': 3219715, 'n': 15723, 'vw': 24.314173}"
TXT,"{'t': '2023-09-19T04:00:00Z', 'o': 76.07, 'h': 76.27, 'l': 74.95, 'c': 75.64, 'v': 1287510, 'n': 19984, 'vw': 75.561116}"
UAL,"{'t': '2023-09-19T04:00:00Z', 'o': 44.45, 'h': 45.3, 'l': 44.39, 'c': 45.24, 'v': 4192925, 'n': 49840, 'vw': 45.006721}"
UA,"{'t': '2023-09-19T04:00:00Z', 'o': 6.51, 'h': 6.59, 'l': 6.44, 'c': 6.55, 'v': 2477474, 'n': 13265, 'vw': 6.527544}"
UBS,"{'t': '2023-09-19T04:00:00Z', 'o': 25.99, 'h': 26.11, 'l': 25.96, 'c': 26.06, 'v': 2638014, 'n': 14265, 'vw': 26.033777}"
UL,"{'t': '2023-09-19T04:00:00Z', 'o': 50.56, 'h': 50.66, 'l': 50.3, 'c': 50.49, 'v': 1421863, 'n': 14820, 'vw': 50.457967}"
TXMD,"{'t': '2023-09-19T04:00:00Z', 'o': 3.42, 'h': 3.42, 'l': 3.2966, 'c': 3.33, 'v': 10500, 'n': 299, 'vw': 3.341113}"
UNM,"{'t': '2023-09-19T04:00:00Z', 'o': 48.67, 'h': 49.325, 'l': 48.59, 'c': 49.15, 'v': 971743, 'n': 13661, 'vw': 49.070381}"
USB,"{'t': '2023-09-19T04:00:00Z', 'o': 34.56, 'h': 34.99, 'l': 34.18, 'c': 34.59, 'v': 10904451, 'n': 71640, 'vw': 34.51259}"
UVE,"{'t': '2023-09-19T04:00:00Z', 'o': 13.17, 'h': 13.4, 'l': 13.05, 'c': 13.27, 'v': 300514, 'n': 5558, 'vw': 13.237198}"
UNFI,"{'t': '2023-09-19T04:00:00Z', 'o': 18.66, 'h': 18.88, 'l': 18.618, 'c': 18.67, 'v': 369471, 'n': 7571, 'vw': 18.709003}"
URBN,"{'t': '2023-09-19T04:00:00Z', 'o': 32.31, 'h': 32.91, 'l': 32.31, 'c': 32.4, 'v': 1017630, 'n': 13615, 'vw': 32.495921}"
VNET,"{'t': '2023-09-19T04:00:00Z', 'o': 3, 'h': 3.08, 'l': 2.9, 'c': 3.07, 'v': 2232620, 'n': 7574, 'vw': 2.959738}"
VFC,"{'t': '2023-09-19T04:00:00Z', 'o': 17.31, 'h': 17.91, 'l': 17.305, 'c': 17.78, 'v': 7988075, 'n': 57731, 'vw': 17.723509}"
VHC,"{'t': '2023-09-19T04:00:00Z', 'o': 0.255, 'h': 0.2799, 'l': 0.2511, 'c': 0.2559, 'v': 149091, 'n': 394, 'vw': 0.257463}"
VNO,"{'t': '2023-09-19T04:00:00Z', 'o': 25, 'h': 25.7, 'l': 24.95, 'c': 25.18, 'v': 3008027, 'n': 27744, 'vw': 25.339619}"
VIPS,"{'t': '2023-09-19T04:00:00Z', 'o': 14.77, 'h': 15.03, 'l': 14.65, 'c': 14.7, 'v': 2276641, 'n': 17007, 'vw': 14.76034}"
VOD,"{'t': '2023-09-19T04:00:00Z', 'o': 9.97, 'h': 10.03, 'l': 9.94, 'c': 10.03, 'v': 3175775, 'n': 13083, 'vw': 9.989595}"
VTR,"{'t': '2023-09-19T04:00:00Z', 'o': 43.69, 'h': 43.86, 'l': 43.32, 'c': 43.45, 'v': 1456960, 'n': 19970, 'vw': 43.508989}"
VOYA,"{'t': '2023-09-19T04:00:00Z', 'o': 69.42, 'h': 69.88, 'l': 68.66, 'c': 68.73, 'v': 804080, 'n': 12171, 'vw': 68.882084}"
VZ,"{'t': '2023-09-19T04:00:00Z', 'o': 33.58, 'h': 33.73, 'l': 33.25, 'c': 33.4, 'v': 23383954, 'n': 123812, 'vw': 33.399222}"
WAFD,"{'t': '2023-09-19T04:00:00Z', 'o': 26.52, 'h': 26.74, 'l': 26.02, 'c': 26.21, 'v': 289111, 'n': 5938, 'vw': 26.244962}"
W,"{'t': '2023-09-19T04:00:00Z', 'o': 63.25, 'h': 64.6, 'l': 62.1, 'c': 63.62, 'v': 2232900, 'n': 33122, 'vw': 63.182474}"
WAL,"{'t': '2023-09-19T04:00:00Z', 'o': 47.59, 'h': 48.1199, 'l': 46.67, 'c': 47.78, 'v': 1090210, 'n': 17952, 'vw': 47.423978}"
WDC,"{'t': '2023-09-19T04:00:00Z', 'o': 43.6, 'h': 44.28, 'l': 43.43, 'c': 43.92, 'v': 3159083, 'n': 39292, 'vw': 43.934415}"
WERN,"{'t': '2023-09-19T04:00:00Z', 'o': 40.27, 'h': 40.4, 'l': 39.94, 'c': 40.23, 'v': 631879, 'n': 12196, 'vw': 40.205639}"
WFC,"{'t': '2023-09-19T04:00:00Z', 'o': 43.55, 'h': 43.741, 'l': 42.901, 'c': 43.22, 'v': 15319631, 'n': 90956, 'vw': 43.258961}"
WBA,"{'t': '2023-09-19T04:00:00Z', 'o': 22.25, 'h': 22.5, 'l': 22.01, 'c': 22.03, 'v': 10601800, 'n': 61940, 'vw': 22.159344}"
WBS,"{'t': '2023-09-19T04:00:00Z', 'o': 40.95, 'h': 41.21, 'l': 40.02, 'c': 40.5, 'v': 1334247, 'n': 19769, 'vw': 40.39467}"
WEC,"{'t': '2023-09-19T04:00:00Z', 'o': 86.57, 'h': 87.23, 'l': 86.51, 'c': 86.7, 'v': 1391818, 'n': 23841, 'vw': 86.772235}"
WNC,"{'t': '2023-09-19T04:00:00Z', 'o': 22.75, 'h': 22.76, 'l': 22.28, 'c': 22.3, 'v': 303175, 'n': 5288, 'vw': 22.392809}"
WOOF,"{'t': '2023-09-19T04:00:00Z', 'o': 4.07, 'h': 4.18, 'l': 4.03, 'c': 4.13, 'v': 5388795, 'n': 25787, 'vw': 4.102781}"
WMB,"{'t': '2023-09-19T04:00:00Z', 'o': 34.69, 'h': 34.69, 'l': 34.09, 'c': 34.29, 'v': 5110473, 'n': 36903, 'vw': 34.323567}"
WRK,"{'t': '2023-09-19T04:00:00Z', 'o': 37.35, 'h': 37.54, 'l': 36.76, 'c': 36.89, 'v': 4901958, 'n': 43550, 'vw': 37.070106}"
WYNN,"{'t': '2023-09-19T04:00:00Z', 'o': 96.76, 'h': 97.28, 'l': 94.06, 'c': 94.72, 'v': 2036902, 'n': 33061, 'vw': 94.72798}"
XPO,"{'t': '2023-09-19T04:00:00Z', 'o': 70.51, 'h': 70.79, 'l': 68.02, 'c': 69.09, 'v': 990040, 'n': 17557, 'vw': 68.813957}"
XYL,"{'t': '2023-09-19T04:00:00Z', 'o': 95.24, 'h': 95.99, 'l': 94.08, 'c': 94.84, 'v': 1695450, 'n': 25549, 'vw': 95.006092}"
X,"{'t': '2023-09-19T04:00:00Z', 'o': 31.08, 'h': 31.85, 'l': 30.91, 'c': 31.66, 'v': 12176841, 'n': 88653, 'vw': 31.525332}"
WU,"{'t': '2023-09-19T04:00:00Z', 'o': 12.72, 'h': 12.875, 'l': 12.685, 'c': 12.75, 'v': 3303543, 'n': 22293, 'vw': 12.775617}"
WWW,"{'t': '2023-09-19T04:00:00Z', 'o': 8.25, 'h': 8.55, 'l': 8.25, 'c': 8.47, 'v': 883439, 'n': 8719, 'vw': 8.437982}"
WY,"{'t': '2023-09-19T04:00:00Z', 'o': 32.22, 'h': 32.36, 'l': 31.88, 'c': 31.96, 'v': 2662597, 'n': 25110, 'vw': 32.030586}"
XEL,"{'t': '2023-09-19T04:00:00Z', 'o': 57.99, 'h': 58.805, 'l': 57.8, 'c': 58.52, 'v': 7855967, 'n': 57492, 'vw': 58.544488}"
XRAY,"{'t': '2023-09-19T04:00:00Z', 'o': 35.54, 'h': 35.66, 'l': 35.215, 'c': 35.29, 'v': 1322818, 'n': 18739, 'vw': 35.335006}"
ZION,"{'t': '2023-09-19T04:00:00Z', 'o': 36.43, 'h': 36.62, 'l': 35.47, 'c': 35.89, 'v': 2062716, 'n': 28630, 'vw': 35.863639}"
Z,"{'t': '2023-09-19T04:00:00Z', 'o': 46.99, 'h': 47.54, 'l': 46.78, 'c': 47.37, 'v': 1931970, 'n': 27131, 'vw': 47.268749}"
YELP,"{'t': '2023-09-19T04:00:00Z', 'o': 42.35, 'h': 43.17, 'l': 42.255, 'c': 42.98, 'v': 359027, 'n': 8084, 'vw': 42.879078}"
YPF,"{'t': '2023-09-19T04:00:00Z', 'o': 13.2, 'h': 13.35, 'l': 12.785, 'c': 12.94, 'v': 1460950, 'n': 13317, 'vw': 12.932753}"
